player_id,team,position,season
,GB,DL,2025
00-0022942,IND,QB,2025
00-0023459,PIT,QB,2025
00-0023853,BUF,K,2025
00-0024243,DEN,TE,2025
00-0025565,NYJ,K,2025
00-0026027,CAR,LS,2025
00-0026158,CIN,QB,2025
00-0026190,ARI,DL,2025
00-0026300,WAS,QB,2025
00-0026498,LA,QB,2025
00-0026858,NYG,K,2025
00-0027114,SF,P,2025
00-0027224,SF,LS,2025
00-0027557,TEN,LS,2025
00-0027857,SF,OL,2025
00-0027865,PHI,DL,2025
00-0027867,TB,DL,2025
00-0027940,WAS,LB,2025
00-0027947,DAL,OL,2025
00-0027962,NO,LB,2025
00-0027969,PIT,DL,2025
00-0027973,CAR,QB,2025
00-0028118,NYJ,QB,2025
00-0028292,WAS,LB,2025
00-0028394,LA,LS,2025
00-0028845,LAC,LS,2025
00-0028872,TEN,P,2025
00-0028946,ARI,LS,2025
00-0028986,CHI,QB,2025
00-0029008,PHI,LS,2025
00-0029255,WAS,LB,2025
00-0029263,NYG,QB,2025
00-0029316,ARI,OL,2025
00-0029562,TB,LB,2025
00-0029592,TEN,OL,2025
00-0029604,ATL,QB,2025
00-0029606,MIN,DB,2025
00-0029607,NO,LB,2025
00-0029685,NYG,OL,2025
00-0029692,DAL,P,2025
00-0029714,MIN,LS,2025
00-0029822,GB,K,2025
00-0029892,SF,RB,2025
00-0029963,DET,OL,2025
00-0030035,PIT,WR,2025
00-0030061,WAS,TE,2025
00-0030062,BUF,DB,2025
00-0030063,SEA,DL,2025
00-0030067,MIA,OL,2025
00-0030070,BAL,DL,2025
00-0030092,CAR,P,2025
00-0030097,LA,OL,2025
00-0030098,CLE,K,2025
00-0030114,BUF,DB,2025
00-0030140,WAS,P,2025
00-0030279,LAC,WR,2025
00-0030294,LAC,DB,2025
00-0030431,PIT,WR,2025
00-0030459,NO,DB,2025
00-0030506,KC,TE,2025
00-0030561,PHI,OL,2025
00-0030564,BAL,WR,2025
00-0030565,LV,QB,2025
00-0030615,KC,LS,2025
00-0030725,CLE,OL,2025
00-0030757,KC,DL,2025
00-0030957,NYG,LS,2025
00-0031040,LAC,LB,2025
00-0031054,BUF,DL,2025
00-0031079,ARI,P,2025
00-0031136,PIT,K,2025
00-0031156,WAS,LS,2025
00-0031177,BAL,DL,2025
00-0031203,CHI,K,2025
00-0031236,BUF,WR,2025
00-0031237,TB,QB,2025
00-0031254,HOU,DL,2025
00-0031270,CLE,DL,2025
00-0031279,ATL,OL,2025
00-0031280,NO,QB,2025
00-0031298,HOU,DB,2025
00-0031330,NE,OL,2025
00-0031345,LA,QB,2025
00-0031357,DAL,DB,2025
00-0031360,BAL,LB,2025
00-0031364,DAL,DL,2025
00-0031381,LA,WR,2025
00-0031408,TB,WR,2025
00-0031411,SEA,LB,2025
00-0031426,CLE,OL,2025
00-0031484,NYG,TE,2025
00-0031492,SEA,K,2025
00-0031503,NYG,QB,2025
00-0031534,DAL,OL,2025
00-0031544,LV,WR,2025
00-0031550,BUF,LB,2025
00-0031551,WAS,DL,2025
00-0031554,SF,LB,2025
00-0031557,BUF,DL,2025
00-0031565,HOU,DL,2025
00-0031576,PHI,LB,2025
00-0031583,CHI,DL,2025
00-0031588,NE,WR,2025
00-0031595,DEN,RB,2025
00-0031608,SEA,DB,2025
00-0031610,MIA,TE,2025
00-0031622,LAC,OL,2025
00-0031687,LV,RB,2025
00-0031740,NYG,LB,2025
00-0031763,CLE,WR,2025
00-0031800,LAC,QB,2025
00-0031898,DEN,LB,2025
00-0031911,LAC,LS,2025
00-0031921,MIA,OL,2025
00-0031933,SEA,DL,2025
00-0031935,WAS,DL,2025
00-0031938,WAS,DL,2025
00-0031957,NYG,DL,2025
00-0032052,DAL,DL,2025
00-0032065,ATL,P,2025
00-0032071,HOU,OL,2025
00-0032103,LAC,LB,2025
00-0032104,IND,RB,2025
00-0032129,CLE,LB,2025
00-0032146,LAC,LB,2025
00-0032156,TEN,QB,2025
00-0032164,JAX,DL,2025
00-0032195,HOU,DB,2025
00-0032203,PIT,OL,2025
00-0032208,LV,WR,2025
00-0032211,LV,WR,2025
00-0032222,LA,OL,2025
00-0032228,MIA,LS,2025
00-0032234,BAL,OL,2025
00-0032242,LA,OL,2025
00-0032265,HOU,DL,2025
00-0032268,WAS,QB,2025
00-0032378,IND,DL,2025
00-0032379,SF,DB,2025
00-0032380,WAS,OL,2025
00-0032381,DET,OL,2025
00-0032383,MIN,OL,2025
00-0032384,MIA,OL,2025
00-0032385,TB,WR,2025
00-0032387,SEA,DL,2025
00-0032388,TB,LB,2025
00-0032391,CHI,OL,2025
00-0032392,NE,TE,2025
00-0032394,LA,TE,2025
00-0032395,DET,OL,2025
00-0032398,WAS,WR,2025
00-0032399,PIT,DB,2025
00-0032412,PIT,DL,2025
00-0032415,BUF,LB,2025
00-0032416,DET,DL,2025
00-0032424,DET,DL,2025
00-0032432,NE,OL,2025
00-0032434,TEN,QB,2025
00-0032436,WAS,QB,2025
00-0032442,LV,LB,2025
00-0032445,CIN,OL,2025
00-0032463,LAC,DL,2025
00-0032464,DET,WR,2025
00-0032466,WAS,OL,2025
00-0032497,BUF,LS,2025
00-0032521,IND,DB,2025
00-0032569,DEN,K,2025
00-0032574,BAL,DL,2025
00-0032580,WAS,DB,2025
00-0032667,NYG,DL,2025
00-0032671,BUF,DL,2025
00-0032688,WAS,WR,2025
00-0032701,SF,OL,2025
00-0032726,HOU,K,2025
00-0032753,IND,LS,2025
00-0032759,HOU,DL,2025
00-0032762,KC,DL,2025
00-0032763,JAX,DL,2025
00-0032764,BAL,RB,2025
00-0032774,KC,DB,2025
00-0032775,SF,WR,2025
00-0032803,DET,DB,2025
00-0032889,CAR,DL,2025
00-0032891,WAS,DB,2025
00-0032918,MIN,RB,2025
00-0032933,WAS,DB,2025
00-0032942,WAS,DB,2025
00-0032943,TB,P,2025
00-0032950,MIN,QB,2025
00-0032951,IND,WR,2025
00-0032954,PIT,OL,2025
00-0032965,BAL,OL,2025
00-0033010,WAS,DL,2025
00-0033038,JAX,DB,2025
00-0033040,MIA,WR,2025
00-0033046,TEN,LB,2025
00-0033050,IND,DB,2025
00-0033051,ATL,DL,2025
00-0033052,LV,LB,2025
00-0033055,PIT,DB,2025
00-0033057,CLE,OL,2025
00-0033063,NO,LS,2025
00-0033064,TB,DL,2025
00-0033066,CHI,DL,2025
00-0033072,ATL,DL,2025
00-0033073,JAX,DL,2025
00-0033077,DAL,QB,2025
00-0033082,CIN,OL,2025
00-0033084,DET,DB,2025
00-0033090,NE,TE,2025
00-0033093,NO,DL,2025
00-0033096,BUF,DL,2025
00-0033103,MIA,DB,2025
00-0033106,DET,QB,2025
00-0033109,MIN,DL,2025
00-0033110,LA,TE,2025
00-0033119,ARI,QB,2025
00-0033120,DAL,DL,2025
00-0033131,CLE,DL,2025
00-0033132,CHI,DB,2025
00-0033156,BUF,DL,2025
00-0033196,WAS,LS,2025
00-0033217,IND,TE,2025
00-0033221,MIA,OL,2025
00-0033246,JAX,TE,2025
00-0033260,NYJ,LS,2025
00-0033269,IND,P,2025
00-0033280,SF,RB,2025
00-0033281,BAL,DB,2025
00-0033282,BUF,WR,2025
00-0033284,CAR,OL,2025
00-0033288,SF,TE,2025
00-0033290,NYG,OL,2025
00-0033292,SF,WR,2025
00-0033293,MIN,RB,2025
00-0033294,PIT,DB,2025
00-0033297,DEN,DL,2025
00-0033300,HOU,OL,2025
00-0033303,KC,K,2025
00-0033307,SF,WR,2025
00-0033319,JAX,QB,2025
00-0033336,MIN,LB,2025
00-0033347,BAL,DL,2025
00-0033357,NO,QB,2025
00-0033375,JAX,WR,2025
00-0033376,BAL,RB,2025
00-0033381,LV,DL,2025
00-0033393,IND,DB,2025
00-0033400,ARI,P,2025
00-0033439,ARI,TE,2025
00-0033455,DET,TE,2025
00-0033463,BAL,DL,2025
00-0033503,DET,DB,2025
00-0033512,DET,DB,2025
00-0033523,MIN,DL,2025
00-0033526,CIN,RB,2025
00-0033536,LAC,WR,2025
00-0033537,CLE,QB,2025
00-0033538,DEN,OL,2025
00-0033546,ARI,DL,2025
00-0033547,DET,LB,2025
00-0033548,BAL,DB,2025
00-0033549,WAS,LB,2025
00-0033551,MIA,DB,2025
00-0033553,ARI,RB,2025
00-0033555,NE,WR,2025
00-0033557,CHI,LB,2025
00-0033563,TEN,DL,2025
00-0033570,TB,LB,2025
00-0033571,BUF,LB,2025
00-0033572,WAS,WR,2025
00-0033576,SEA,TE,2025
00-0033579,TEN,DB,2025
00-0033582,NYG,DL,2025
00-0033589,CAR,WR,2025
00-0033591,WAS,WR,2025
00-0033595,DET,DL,2025
00-0033662,BAL,QB,2025
00-0033676,ATL,OL,2025
00-0033697,NO,DB,2025
00-0033699,WAS,RB,2025
00-0033702,NYG,K,2025
00-0033729,NYG,P,2025
00-0033752,ATL,OL,2025
00-0033757,KC,TE,2025
00-0033782,WAS,DL,2025
00-0033783,LA,DB,2025
00-0033787,PHI,K,2025
00-0033793,TEN,OL,2025
00-0033831,WAS,OL,2025
00-0033854,HOU,RB,2025
00-0033857,KC,WR,2025
00-0033858,PIT,TE,2025
00-0033860,NO,DL,2025
00-0033862,ATL,K,2025
00-0033863,DET,OL,2025
00-0033868,CLE,DL,2025
00-0033869,BUF,QB,2025
00-0033870,DAL,DL,2025
00-0033872,LV,LB,2025
00-0033873,KC,QB,2025
00-0033874,WAS,DB,2025
00-0033875,TB,LB,2025
00-0033876,HOU,DL,2025
00-0033877,DAL,DB,2025
00-0033878,PHI,DB,2025
00-0033881,DEN,TE,2025
00-0033883,PIT,DB,2025
00-0033884,BUF,DB,2025
00-0033885,CLE,TE,2025
00-0033886,PIT,LB,2025
00-0033888,NO,OL,2025
00-0033889,CLE,OL,2025
00-0033890,ARI,DB,2025
00-0033891,ARI,WR,2025
00-0033892,LAC,DB,2025
00-0033894,LAC,DB,2025
00-0033897,HOU,RB,2025
00-0033901,CLE,OL,2025
00-0033902,IND,DL,2025
00-0033904,BUF,OL,2025
00-0033905,BUF,DL,2025
00-0033906,NO,RB,2025
00-0033907,JAX,DL,2025
00-0033908,SEA,WR,2025
00-0033910,TB,OL,2025
00-0033913,IND,DL,2025
00-0033914,DET,LB,2025
00-0033918,MIN,DB,2025
00-0033921,TB,WR,2025
00-0033923,KC,RB,2025
00-0033926,SEA,DB,2025
00-0033928,JAX,DB,2025
00-0033935,CIN,DL,2025
00-0033936,DET,QB,2025
00-0033941,CLE,DB,2025
00-0033943,NYJ,WR,2025
00-0033945,IND,DL,2025
00-0033946,PIT,OL,2025
00-0033947,WAS,DL,2025
00-0033949,NE,QB,2025
00-0033952,IND,DL,2025
00-0033955,WAS,RB,2025
00-0033964,DET,DL,2025
00-0033995,LAC,OL,2025
00-0034051,PIT,LS,2025
00-0034054,WAS,WR,2025
00-0034067,CHI,LS,2025
00-0034073,CAR,TE,2025
00-0034084,BUF,K,2025
00-0034091,IND,DB,2025
00-0034112,NYG,OL,2025
00-0034114,LA,OL,2025
00-0034115,MIA,RB,2025
00-0034116,TB,DB,2025
00-0034145,IND,DB,2025
00-0034158,MIN,OL,2025
00-0034159,LAC,TE,2025
00-0034160,SEA,P,2025
00-0034161,LV,K,2025
00-0034162,LAC,P,2025
00-0034163,WAS,DL,2025
00-0034173,SF,K,2025
00-0034198,DAL,LS,2025
00-0034203,LA,DB,2025
00-0034208,MIA,RB,2025
00-0034234,LA,DL,2025
00-0034248,MIA,DB,2025
00-0034251,PIT,DL,2025
00-0034261,CAR,OL,2025
00-0034264,WAS,DL,2025
00-0034270,LAC,TE,2025
00-0034272,PIT,WR,2025
00-0034274,PHI,DB,2025
00-0034275,HOU,DL,2025
00-0034277,PIT,DB,2025
00-0034278,HOU,DB,2025
00-0034281,LAC,OL,2025
00-0034285,MIA,DL,2025
00-0034296,LA,LB,2025
00-0034302,WAS,LB,2025
00-0034317,BAL,WR,2025
00-0034320,ATL,DL,2025
00-0034333,WAS,DL,2025
00-0034342,IND,OL,2025
00-0034344,DET,DL,2025
00-0034345,DET,OL,2025
00-0034346,ARI,OL,2025
00-0034347,MIA,OL,2025
00-0034348,DEN,WR,2025
00-0034350,SEA,LB,2025
00-0034351,PHI,TE,2025
00-0034353,BAL,WR,2025
00-0034355,HOU,DB,2025
00-0034356,LAC,DB,2025
00-0034357,NYJ,DB,2025
00-0034359,IND,DL,2025
00-0034360,TEN,LB,2025
00-0034361,NO,DB,2025
00-0034364,JAX,TE,2025
00-0034365,LV,TE,2025
00-0034367,NO,RB,2025
00-0034371,LAC,DL,2025
00-0034373,WAS,DL,2025
00-0034375,SF,LB,2025
00-0034376,BUF,DB,2025
00-0034377,DET,DB,2025
00-0034381,ARI,LB,2025
00-0034383,HOU,TE,2025
00-0034384,DET,DB,2025
00-0034385,PIT,LB,2025
00-0034386,HOU,WR,2025
00-0034387,ARI,DL,2025
00-0034391,SF,DB,2025
00-0034397,HOU,DL,2025
00-0034399,CLE,OL,2025
00-0034401,CAR,QB,2025
00-0034406,BUF,WR,2025
00-0034407,NYG,WR,2025
00-0034411,SF,WR,2025
00-0034413,JAX,LB,2025
00-0034417,PHI,OL,2025
00-0034418,MIA,WR,2025
00-0034419,HOU,WR,2025
00-0034429,PHI,OL,2025
00-0034431,IND,LB,2025
00-0034435,CAR,DB,2025
00-0034436,NO,OL,2025
00-0034437,JAX,P,2025
00-0034438,ARI,QB,2025
00-0034446,CIN,DB,2025
00-0034450,LV,K,2025
00-0034461,SF,DL,2025
00-0034465,WAS,DB,2025
00-0034473,JAX,LB,2025
00-0034485,CHI,DB,2025
00-0034487,NE,WR,2025
00-0034488,MIN,DB,2025
00-0034490,DET,LB,2025
00-0034495,ARI,OL,2025
00-0034516,BUF,DB,2025
00-0034521,NYJ,WR,2025
00-0034540,CLE,DB,2025
00-0034571,WAS,OL,2025
00-0034573,IND,DB,2025
00-0034577,DET,QB,2025
00-0034613,CIN,TE,2025
00-0034639,ATL,DB,2025
00-0034657,JAX,DL,2025
00-0034668,NYG,OL,2025
00-0034673,CHI,LB,2025
00-0034675,ATL,DB,2025
00-0034677,ARI,DL,2025
00-0034678,LV,OL,2025
00-0034681,WAS,RB,2025
00-0034720,NE,LB,2025
00-0034721,CLE,P,2025
00-0034728,PHI,DB,2025
00-0034729,DET,OL,2025
00-0034746,CLE,DL,2025
00-0034752,CIN,OL,2025
00-0034753,BAL,TE,2025
00-0034754,CIN,LB,2025
00-0034756,PIT,DB,2025
00-0034759,LV,OL,2025
00-0034760,NO,DL,2025
00-0034763,SF,OL,2025
00-0034764,WAS,WR,2025
00-0034768,NYJ,OL,2025
00-0034771,PIT,QB,2025
00-0034773,TB,DL,2025
00-0034775,HOU,WR,2025
00-0034778,NE,DB,2025
00-0034779,ATL,LB,2025
00-0034780,NO,DB,2025
00-0034782,NYJ,DL,2025
00-0034787,NYG,LB,2025
00-0034789,MIA,DB,2025
00-0034790,LAC,DB,2025
00-0034791,HOU,RB,2025
00-0034792,MIA,DB,2025
00-0034794,MIA,K,2025
00-0034796,BAL,QB,2025
00-0034797,CLE,LB,2025
00-0034798,CHI,TE,2025
00-0034800,CIN,DL,2025
00-0034801,ATL,LB,2025
00-0034803,BAL,OL,2025
00-0034805,DEN,DL,2025
00-0034807,PHI,LB,2025
00-0034810,TEN,DL,2025
00-0034815,SF,LB,2025
00-0034817,DEN,OL,2025
00-0034818,KC,DL,2025
00-0034825,TEN,LB,2025
00-0034827,CHI,WR,2025
00-0034828,NE,LB,2025
00-0034829,CIN,TE,2025
00-0034832,MIA,LB,2025
00-0034836,IND,OL,2025
00-0034837,TEN,WR,2025
00-0034838,LAC,RB,2025
00-0034842,BAL,DL,2025
00-0034843,ATL,DB,2025
00-0034844,PHI,RB,2025
00-0034847,DEN,OL,2025
00-0034854,ATL,WR,2025
00-0034855,TB,QB,2025
00-0034856,CLE,DB,2025
00-0034857,BUF,QB,2025
00-0034858,LV,DB,2025
00-0034860,NO,WR,2025
00-0034867,SF,WR,2025
00-0034869,SEA,QB,2025
00-0034874,BAL,LB,2025
00-0034899,MIN,QB,2025
00-0034928,ARI,WR,2025
00-0034937,LA,OL,2025
00-0034941,BUF,P,2025
00-0034951,PHI,OL,2025
00-0034955,MIN,QB,2025
00-0034957,PIT,OL,2025
00-0034959,NYJ,RB,2025
00-0034960,JAX,WR,2025
00-0034966,CLE,DB,2025
00-0034967,GB,DL,2025
00-0034968,BUF,DB,2025
00-0034970,HOU,TE,2025
00-0034972,MIA,RB,2025
00-0034973,LV,DL,2025
00-0034974,SEA,DB,2025
00-0034975,BAL,RB,2025
00-0034978,DEN,OL,2025
00-0034981,NO,TE,2025
00-0034982,DEN,LB,2025
00-0034983,CAR,WR,2025
00-0034987,HOU,LB,2025
00-0034989,MIN,OL,2025
00-0034993,PHI,DB,2025
00-0034994,TEN,OL,2025
00-0034999,CHI,LB,2025
00-0035000,MIA,LB,2025
00-0035003,CLE,OL,2025
00-0035020,NYG,LB,2025
00-0035021,IND,WR,2025
00-0035026,SF,DL,2025
00-0035039,CHI,TE,2025
00-0035042,NYG,P,2025
00-0035045,IND,WR,2025
00-0035062,DEN,OL,2025
00-0035073,MIN,DL,2025
00-0035084,CAR,OL,2025
00-0035100,CIN,QB,2025
00-0035112,JAX,OL,2025
00-0035118,GB,LS,2025
00-0035125,MIA,RB,2025
00-0035127,LAC,OL,2025
00-0035133,GB,DB,2025
00-0035140,BUF,WR,2025
00-0035142,NO,DB,2025
00-0035144,ARI,LB,2025
00-0035149,WAS,OL,2025
00-0035150,NYJ,DB,2025
00-0035156,DET,P,2025
00-0035157,NE,LB,2025
00-0035166,HOU,LB,2025
00-0035189,BUF,K,2025
00-0035190,LV,P,2025
00-0035192,TEN,K,2025
00-0035202,LAC,LB,2025
00-0035208,CHI,WR,2025
00-0035216,CLE,WR,2025
00-0035227,DEN,DB,2025
00-0035228,ARI,QB,2025
00-0035229,MIN,TE,2025
00-0035230,BUF,DL,2025
00-0035233,SF,OL,2025
00-0035234,HOU,OL,2025
00-0035235,ATL,OL,2025
00-0035236,MIN,DB,2025
00-0035237,KC,OL,2025
00-0035238,CIN,OL,2025
00-0035239,ARI,DB,2025
00-0035240,NE,LB,2025
00-0035242,NO,OL,2025
00-0035243,DAL,RB,2025
00-0035244,LV,DB,2025
00-0035245,PIT,OL,2025
00-0035248,DEN,DL,2025
00-0035249,MIN,TE,2025
00-0035250,NYG,RB,2025
00-0035251,DAL,QB,2025
00-0035252,MIA,OL,2025
00-0035253,CHI,DB,2025
00-0035254,TB,LB,2025
00-0035255,MIA,DB,2025
00-0035258,ARI,OL,2025
00-0035261,TEN,RB,2025
00-0035262,KC,LB,2025
00-0035264,DEN,QB,2025
00-0035266,TB,OL,2025
00-0035269,SF,K,2025
00-0035270,BAL,DB,2025
00-0035272,MIN,LB,2025
00-0035276,MIN,LB,2025
00-0035277,CAR,DB,2025
00-0035278,NYJ,DL,2025
00-0035279,KC,DL,2025
00-0035280,MIA,P,2025
00-0035282,ATL,QB,2025
00-0035286,PIT,LB,2025
00-0035289,KC,QB,2025
00-0035291,CLE,RB,2025
00-0035295,SF,OL,2025
00-0035298,PIT,WR,2025
00-0035300,JAX,OL,2025
00-0035301,DAL,DB,2025
00-0035311,SEA,RB,2025
00-0035316,ATL,LB,2025
00-0035317,LV,OL,2025
00-0035328,MIN,OL,2025
00-0035329,PIT,TE,2025
00-0035330,DET,LB,2025
00-0035341,NYJ,WR,2025
00-0035345,MIA,TE,2025
00-0035346,NYJ,DB,2025
00-0035352,MIA,LB,2025
00-0035355,TEN,OL,2025
00-0035356,WAS,TE,2025
00-0035357,BUF,DB,2025
00-0035358,TB,K,2025
00-0035359,ATL,WR,2025
00-0035363,CIN,LB,2025
00-0035378,JAX,DB,2025
00-0035382,CHI,OL,2025
00-0035383,WAS,OL,2025
00-0035384,PHI,OL,2025
00-0035386,CHI,LB,2025
00-0035402,NO,LB,2025
00-0035406,DEN,WR,2025
00-0035408,BAL,LS,2025
00-0035409,WAS,DL,2025
00-0035413,SF,LB,2025
00-0035436,PIT,TE,2025
00-0035468,MIN,OL,2025
00-0035480,DET,WR,2025
00-0035485,CIN,DB,2025
00-0035500,ARI,WR,2025
00-0035525,CLE,LB,2025
00-0035526,GB,OL,2025
00-0035535,NYG,WR,2025
00-0035537,BUF,RB,2025
00-0035542,TEN,DB,2025
00-0035544,DET,WR,2025
00-0035567,NE,RB,2025
00-0035588,NE,OL,2025
00-0035593,HOU,WR,2025
00-0035594,CHI,RB,2025
00-0035602,LV,WR,2025
00-0035617,LA,LB,2025
00-0035623,TEN,OL,2025
00-0035625,JAX,DB,2025
00-0035628,NE,RB,2025
00-0035629,ARI,OL,2025
00-0035630,ATL,OL,2025
00-0035631,CIN,TE,2025
00-0035632,TEN,DB,2025
00-0035633,DAL,DB,2025
00-0035636,ARI,DL,2025
00-0035637,DET,DB,2025
00-0035639,DAL,WR,2025
00-0035640,PIT,WR,2025
00-0035642,JAX,DL,2025
00-0035643,TEN,DL,2025
00-0035644,CIN,TE,2025
00-0035645,NYG,WR,2025
00-0035646,MIN,LB,2025
00-0035647,CHI,DL,2025
00-0035655,WAS,DB,2025
00-0035656,NYJ,DL,2025
00-0035659,WAS,WR,2025
00-0035662,KC,WR,2025
00-0035663,BUF,DB,2025
00-0035665,CAR,DB,2025
00-0035667,TB,DL,2025
00-0035668,BUF,OL,2025
00-0035669,CAR,DB,2025
00-0035672,TEN,LB,2025
00-0035674,KC,DL,2025
00-0035676,PHI,WR,2025
00-0035678,BAL,LB,2025
00-0035679,BUF,OL,2025
00-0035680,NYJ,LB,2025
00-0035681,KC,DB,2025
00-0035683,NYG,DL,2025
00-0035685,DET,RB,2025
00-0035686,DEN,OL,2025
00-0035687,NYG,LB,2025
00-0035688,LAC,OL,2025
00-0035689,BUF,TE,2025
00-0035692,SF,DL,2025
00-0035696,IND,DB,2025
00-0035697,IND,LB,2025
00-0035698,JAX,OL,2025
00-0035699,TB,DB,2025
00-0035700,GB,RB,2025
00-0035702,CIN,OL,2025
00-0035703,CHI,WR,2025
00-0035704,SEA,QB,2025
00-0035705,ARI,DB,2025
00-0035707,LV,LB,2025
00-0035710,IND,QB,2025
00-0035713,NYG,LB,2025
00-0035717,SF,DL,2025
00-0035718,DAL,DL,2025
00-0035719,WAS,WR,2025
00-0035726,HOU,RB,2025
00-0035743,PHI,OL,2025
00-0035757,LV,LS,2025
00-0035763,DEN,DL,2025
00-0035764,DEN,OL,2025
00-0035769,BAL,TE,2025
00-0035783,SEA,DB,2025
00-0035795,PIT,DB,2025
00-0035804,NYG,LB,2025
00-0035806,MIA,RB,2025
00-0035821,PIT,P,2025
00-0035827,JAX,LS,2025
00-0035829,SF,OL,2025
00-0035841,MIA,DL,2025
00-0035857,CHI,DL,2025
00-0035859,ARI,P,2025
00-0035862,WAS,DB,2025
00-0035876,ARI,WR,2025
00-0035881,NE,OL,2025
00-0035889,HOU,P,2025
00-0035890,CAR,DL,2025
00-0035891,SEA,WR,2025
00-0035895,TEN,LB,2025
00-0035900,KC,LB,2025
00-0035903,TEN,DL,2025
00-0035910,TEN,DL,2025
00-0035924,BAL,RB,2025
00-0035928,TB,DL,2025
00-0035933,BUF,LB,2025
00-0035934,ARI,WR,2025
00-0035939,CAR,QB,2025
00-0035942,CAR,LB,2025
00-0035944,NO,DL,2025
00-0035946,DET,DL,2025
00-0035956,DET,TE,2025
00-0035961,CAR,LB,2025
00-0035962,ATL,DB,2025
00-0035973,SF,RB,2025
00-0035976,CAR,WR,2025
00-0035984,TEN,LB,2025
00-0035992,DET,OL,2025
00-0035993,BAL,QB,2025
00-0035995,ATL,DB,2025
00-0035997,WAS,OL,2025
00-0036011,WAS,DB,2025
00-0036015,DET,OL,2025
00-0036020,IND,RB,2025
00-0036032,IND,TE,2025
00-0036036,DAL,OL,2025
00-0036037,BUF,DB,2025
00-0036040,NO,TE,2025
00-0036045,MIN,LB,2025
00-0036059,CAR,TE,2025
00-0036081,BAL,DL,2025
00-0036082,ATL,LS,2025
00-0036087,HOU,DB,2025
00-0036093,IND,OL,2025
00-0036101,DET,DB,2025
00-0036105,DAL,OL,2025
00-0036114,MIA,DB,2025
00-0036123,CAR,OL,2025
00-0036124,DET,DB,2025
00-0036130,BAL,DL,2025
00-0036132,TB,OL,2025
00-0036133,TEN,WR,2025
00-0036139,CAR,RB,2025
00-0036145,WAS,TE,2025
00-0036148,PIT,DL,2025
00-0036151,SF,DL,2025
00-0036157,GB,LB,2025
00-0036158,DEN,RB,2025
00-0036159,PHI,LB,2025
00-0036162,BUF,K,2025
00-0036163,DET,OL,2025
00-0036165,NYG,WR,2025
00-0036166,BUF,DB,2025
00-0036170,NO,OL,2025
00-0036171,MIA,OL,2025
00-0036176,TEN,WR,2025
00-0036181,LAC,DL,2025
00-0036182,MIA,WR,2025
00-0036183,BUF,WR,2025
00-0036187,BUF,RB,2025
00-0036192,BUF,DL,2025
00-0036193,NE,LB,2025
00-0036195,TB,OL,2025
00-0036196,BUF,WR,2025
00-0036198,NE,OL,2025
00-0036199,CIN,DB,2025
00-0036204,ATL,DL,2025
00-0036212,MIA,QB,2025
00-0036214,CLE,OL,2025
00-0036215,IND,OL,2025
00-0036217,HOU,LS,2025
00-0036219,LV,WR,2025
00-0036220,CAR,DL,2025
00-0036221,DEN,DB,2025
00-0036222,MIN,DB,2025
00-0036223,IND,RB,2025
00-0036224,MIN,LB,2025
00-0036225,HOU,TE,2025
00-0036231,PIT,DB,2025
00-0036232,HOU,TE,2025
00-0036236,WAS,OL,2025
00-0036237,LA,DL,2025
00-0036239,CHI,LB,2025
00-0036241,TB,DB,2025
00-0036244,LA,TE,2025
00-0036246,NYG,OL,2025
00-0036248,MIA,OL,2025
00-0036249,CLE,LB,2025
00-0036252,IND,WR,2025
00-0036253,NO,DB,2025
00-0036254,LV,WR,2025
00-0036256,SF,OL,2025
00-0036258,CHI,OL,2025
00-0036259,SF,WR,2025
00-0036260,WAS,DL,2025
00-0036261,SF,WR,2025
00-0036262,JAX,DL,2025
00-0036264,GB,QB,2025
00-0036265,PHI,RB,2025
00-0036266,SF,DL,2025
00-0036268,BUF,WR,2025
00-0036271,PHI,WR,2025
00-0036272,SF,OL,2025
00-0036273,ATL,OL,2025
00-0036274,MIN,DB,2025
00-0036275,CHI,RB,2025
00-0036276,IND,LB,2025
00-0036277,HOU,WR,2025
00-0036280,PIT,LB,2025
00-0036281,ATL,DB,2025
00-0036282,CLE,DB,2025
00-0036284,LAC,OL,2025
00-0036285,ATL,DB,2025
00-0036286,NE,LB,2025
00-0036287,WAS,DB,2025
00-0036288,SF,DL,2025
00-0036290,CHI,TE,2025
00-0036291,HOU,DL,2025
00-0036292,CHI,DB,2025
00-0036293,LV,DB,2025
00-0036294,DAL,LB,2025
00-0036295,SF,OL,2025
00-0036297,BUF,RB,2025
00-0036298,ARI,LB,2025
00-0036299,IND,DB,2025
00-0036300,NYJ,LB,2025
00-0036302,NE,DB,2025
00-0036305,CAR,DL,2025
00-0036306,DET,DB,2025
00-0036307,TB,DB,2025
00-0036309,ATL,WR,2025
00-0036310,DAL,OL,2025
00-0036313,PHI,P,2025
00-0036317,TEN,OL,2025
00-0036321,NO,LB,2025
00-0036322,MIN,WR,2025
00-0036323,PIT,LB,2025
00-0036325,CAR,OL,2025
00-0036327,JAX,OL,2025
00-0036328,NE,RB,2025
00-0036329,MIA,DB,2025
00-0036330,MIA,DB,2025
00-0036331,CHI,WR,2025
00-0036332,ARI,TE,2025
00-0036333,PIT,LB,2025
00-0036334,CAR,OL,2025
00-0036335,CAR,LB,2025
00-0036337,TEN,DL,2025
00-0036338,LAC,LB,2025
00-0036339,LA,OL,2025
00-0036341,ATL,DL,2025
00-0036344,LAC,DB,2025
00-0036345,ATL,WR,2025
00-0036347,MIN,OL,2025
00-0036348,MIN,DB,2025
00-0036349,LA,DB,2025
00-0036350,PIT,DL,2025
00-0036354,ATL,OL,2025
00-0036355,LAC,QB,2025
00-0036356,CAR,LB,2025
00-0036358,DAL,WR,2025
00-0036359,HOU,DB,2025
00-0036360,KC,RB,2025
00-0036361,GB,DB,2025
00-0036362,MIA,LB,2025
00-0036363,SEA,OL,2025
00-0036366,IND,DL,2025
00-0036367,WAS,OL,2025
00-0036369,NYJ,OL,2025
00-0036371,HOU,DL,2025
00-0036374,TEN,DB,2025
00-0036375,DET,DB,2025
00-0036376,WAS,OL,2025
00-0036378,KC,DL,2025
00-0036380,BAL,DB,2025
00-0036384,DEN,QB,2025
00-0036386,NYG,OL,2025
00-0036387,LAC,WR,2025
00-0036388,GB,DB,2025
00-0036389,PHI,QB,2025
00-0036390,DAL,DB,2025
00-0036391,TEN,OL,2025
00-0036392,DEN,OL,2025
00-0036394,LV,DB,2025
00-0036395,HOU,DB,2025
00-0036396,PIT,OL,2025
00-0036397,SEA,OL,2025
00-0036399,DET,OL,2025
00-0036403,HOU,DL,2025
00-0036406,TB,OL,2025
00-0036407,CLE,WR,2025
00-0036408,NO,OL,2025
00-0036409,MIA,LB,2025
00-0036410,CIN,WR,2025
00-0036411,TB,DB,2025
00-0036412,BUF,WR,2025
00-0036413,NE,DL,2025
00-0036414,SEA,RB,2025
00-0036415,TEN,WR,2025
00-0036416,KC,DB,2025
00-0036417,CAR,OL,2025
00-0036418,PHI,LB,2025
00-0036420,CIN,DL,2025
00-0036421,NO,DB,2025
00-0036422,DEN,TE,2025
00-0036423,LV,TE,2025
00-0036425,JAX,RB,2025
00-0036427,NYJ,WR,2025
00-0036428,DEN,LB,2025
00-0036429,ATL,TE,2025
00-0036431,ATL,DB,2025
00-0036437,JAX,OL,2025
00-0036441,DAL,LB,2025
00-0036442,CIN,QB,2025
00-0036443,CLE,LS,2025
00-0036448,SF,OL,2025
00-0036450,SF,RB,2025
00-0036456,CAR,TE,2025
00-0036463,ATL,WR,2025
00-0036479,IND,DL,2025
00-0036480,CHI,DL,2025
00-0036483,MIN,OL,2025
00-0036493,DET,RB,2025
00-0036497,JAX,WR,2025
00-0036500,NYJ,LB,2025
00-0036501,PHI,DB,2025
00-0036502,SF,DB,2025
00-0036504,PIT,DB,2025
00-0036507,DEN,DL,2025
00-0036510,DET,TE,2025
00-0036511,SF,LB,2025
00-0036527,LV,WR,2025
00-0036534,DET,TE,2025
00-0036535,NO,OL,2025
00-0036537,TEN,DL,2025
00-0036550,BAL,WR,2025
00-0036551,GB,OL,2025
00-0036552,PHI,LB,2025
00-0036553,LV,LB,2025
00-0036554,HOU,WR,2025
00-0036555,CAR,RB,2025
00-0036556,HOU,TE,2025
00-0036557,KC,OL,2025
00-0036559,CHI,DB,2025
00-0036561,JAX,DB,2025
00-0036563,SF,DB,2025
00-0036564,DEN,DB,2025
00-0036567,NE,RB,2025
00-0036568,DET,DL,2025
00-0036569,CIN,RB,2025
00-0036584,LAC,OL,2025
00-0036587,BAL,DB,2025
00-0036589,CHI,DB,2025
00-0036590,JAX,TE,2025
00-0036596,DAL,OL,2025
00-0036603,LA,OL,2025
00-0036604,LV,OL,2025
00-0036605,MIN,OL,2025
00-0036611,CIN,DL,2025
00-0036613,MIA,WR,2025
00-0036614,LV,LB,2025
00-0036616,MIN,OL,2025
00-0036617,PIT,DB,2025
00-0036618,WAS,OL,2025
00-0036619,NO,OL,2025
00-0036620,MIA,WR,2025
00-0036621,KC,LB,2025
00-0036622,NYJ,OL,2025
00-0036623,KC,OL,2025
00-0036624,DET,DL,2025
00-0036625,LAC,DB,2025
00-0036626,JAX,WR,2025
00-0036628,WAS,TE,2025
00-0036629,IND,DB,2025
00-0036630,BAL,WR,2025
00-0036631,LA,OL,2025
00-0036634,LA,LB,2025
00-0036635,NYG,WR,2025
00-0036636,NE,OL,2025
00-0036637,KC,TE,2025
00-0036638,SF,DB,2025
00-0036640,NYG,TE,2025
00-0036642,CIN,DL,2025
00-0036643,MIA,LB,2025
00-0036644,CLE,LB,2025
00-0036645,SEA,DB,2025
00-0036646,ARI,WR,2025
00-0036647,PIT,WR,2025
00-0036648,GB,LB,2025
00-0036649,GB,DL,2025
00-0036653,LV,OL,2025
00-0036654,WAS,RB,2025
00-0036655,JAX,OL,2025
00-0036658,GB,LB,2025
00-0036660,KC,OL,2025
00-0036661,CAR,DB,2025
00-0036664,SF,DL,2025
00-0036670,ARI,RB,2025
00-0036672,DET,LB,2025
00-0036677,GB,DB,2025
00-0036679,BUF,QB,2025
00-0036682,KC,DL,2025
00-0036683,DEN,DB,2025
00-0036695,HOU,DL,2025
00-0036704,MIA,LB,2025
00-0036705,CLE,DL,2025
00-0036711,LV,DL,2025
00-0036716,CHI,LB,2025
00-0036727,DEN,RB,2025
00-0036728,SF,LB,2025
00-0036736,DET,OL,2025
00-0036741,NO,TE,2025
00-0036754,DET,TE,2025
00-0036755,LAC,RB,2025
00-0036775,NE,WR,2025
00-0036783,PIT,OL,2025
00-0036788,LA,DL,2025
00-0036795,CAR,OL,2025
00-0036802,LV,LB,2025
00-0036813,NE,LB,2025
00-0036816,MIA,K,2025
00-0036825,ATL,TE,2025
00-0036833,ATL,OL,2025
00-0036839,MIA,OL,2025
00-0036841,JAX,WR,2025
00-0036842,NYJ,RB,2025
00-0036843,PIT,DL,2025
00-0036844,SF,LB,2025
00-0036849,LA,WR,2025
00-0036850,CIN,DL,2025
00-0036854,CIN,K,2025
00-0036855,DAL,DL,2025
00-0036856,CHI,OL,2025
00-0036859,IND,OL,2025
00-0036862,PIT,WR,2025
00-0036865,MIA,OL,2025
00-0036866,NYG,OL,2025
00-0036867,NO,LB,2025
00-0036869,TEN,OL,2025
00-0036870,IND,LB,2025
00-0036871,GB,DB,2025
00-0036872,TEN,DB,2025
00-0036874,DEN,DB,2025
00-0036875,NE,RB,2025
00-0036876,PHI,TE,2025
00-0036878,KC,DL,2025
00-0036879,DEN,QB,2025
00-0036880,DET,OL,2025
00-0036881,NYJ,DL,2025
00-0036883,HOU,DL,2025
00-0036884,CIN,DB,2025
00-0036885,NYJ,DB,2025
00-0036887,SF,TE,2025
00-0036888,BUF,DB,2025
00-0036893,LAC,RB,2025
00-0036894,PIT,TE,2025
00-0036895,CLE,LB,2025
00-0036896,NYG,LB,2025
00-0036898,HOU,QB,2025
00-0036900,CIN,WR,2025
00-0036901,LV,DB,2025
00-0036902,CIN,DL,2025
00-0036903,CAR,DL,2025
00-0036904,CAR,DB,2025
00-0036905,MIA,OL,2025
00-0036906,NYJ,RB,2025
00-0036908,BAL,DB,2025
00-0036909,NE,DL,2025
00-0036912,PHI,WR,2025
00-0036914,BUF,DL,2025
00-0036915,CLE,LB,2025
00-0036916,NE,DL,2025
00-0036918,TB,WR,2025
00-0036919,PIT,RB,2025
00-0036920,KC,DL,2025
00-0036921,SF,LB,2025
00-0036922,NE,LB,2025
00-0036924,ARI,RB,2025
00-0036926,DAL,DL,2025
00-0036927,NO,LB,2025
00-0036928,ATL,QB,2025
00-0036930,NO,OL,2025
00-0036932,GB,LB,2025
00-0036933,ARI,LB,2025
00-0036934,PHI,LB,2025
00-0036936,MIN,WR,2025
00-0036937,NYG,DB,2025
00-0036938,LAC,LB,2025
00-0036939,GB,WR,2025
00-0036940,LAC,LB,2025
00-0036941,NYJ,DB,2025
00-0036942,DAL,DL,2025
00-0036943,DEN,LS,2025
00-0036944,CAR,DB,2025
00-0036945,NYJ,QB,2025
00-0036948,PHI,DL,2025
00-0036950,NYJ,RB,2025
00-0036952,DEN,LB,2025
00-0036953,CLE,OL,2025
00-0036954,DET,DL,2025
00-0036955,PHI,WR,2025
00-0036956,ARI,DB,2025
00-0036957,CHI,OL,2025
00-0036959,DEN,WR,2025
00-0036961,NE,DB,2025
00-0036962,CAR,DB,2025
00-0036963,DET,WR,2025
00-0036964,DET,LB,2025
00-0036966,ATL,OL,2025
00-0036967,CHI,DL,2025
00-0036968,CAR,OL,2025
00-0036970,ATL,TE,2025
00-0036971,JAX,QB,2025
00-0036972,SF,QB,2025
00-0036973,JAX,RB,2025
00-0036974,CLE,DB,2025
00-0036975,JAX,OL,2025
00-0036976,BUF,OL,2025
00-0036977,LAC,OL,2025
00-0036978,ATL,LB,2025
00-0036979,NYJ,OL,2025
00-0036980,DEN,WR,2025
00-0036981,NE,DL,2025
00-0036982,NYG,DL,2025
00-0036983,CLE,OL,2025
00-0036984,PIT,RB,2025
00-0036985,JAX,OL,2025
00-0036986,CHI,DB,2025
00-0036987,NYJ,DB,2025
00-0036988,BUF,WR,2025
00-0036989,LV,DL,2025
00-0036990,ATL,LB,2025
00-0036992,LAC,DB,2025
00-0036993,MIA,DB,2025
00-0036994,SEA,LB,2025
00-0036995,ARI,LB,2025
00-0036996,JAX,DB,2025
00-0036997,DAL,RB,2025
00-0036998,NYG,DB,2025
00-0037000,DET,LB,2025
00-0037001,DEN,OL,2025
00-0037002,PHI,OL,2025
00-0037003,SEA,LB,2025
00-0037004,JAX,TE,2025
00-0037005,CAR,TE,2025
00-0037007,CAR,LB,2025
00-0037008,PHI,DB,2025
00-0037009,LAC,OL,2025
00-0037010,MIA,OL,2025
00-0037012,LAC,QB,2025
00-0037013,MIA,QB,2025
00-0037015,CLE,TE,2025
00-0037022,NO,TE,2025
00-0037031,CHI,TE,2025
00-0037034,ATL,DB,2025
00-0037040,MIA,OL,2025
00-0037041,HOU,DL,2025
00-0037051,ATL,DL,2025
00-0037055,TEN,WR,2025
00-0037057,LA,LB,2025
00-0037070,ATL,DB,2025
00-0037073,PHI,DL,2025
00-0037074,GB,LB,2025
00-0037075,GB,DL,2025
00-0037076,GB,OL,2025
00-0037077,PHI,QB,2025
00-0037078,TEN,TE,2025
00-0037079,SEA,DB,2025
00-0037080,KC,LB,2025
00-0037081,CHI,OL,2025
00-0037082,CHI,DL,2025
00-0037083,GB,DL,2025
00-0037085,DEN,RB,2025
00-0037086,PHI,TE,2025
00-0037088,SEA,OL,2025
00-0037089,CAR,OL,2025
00-0037091,GB,DB,2025
00-0037092,WAS,OL,2025
00-0037093,SEA,WR,2025
00-0037094,GB,DL,2025
00-0037095,CLE,DB,2025
00-0037096,CHI,DB,2025
00-0037097,ATL,P,2025
00-0037098,NO,WR,2025
00-0037106,CHI,DB,2025
00-0037109,DAL,LB,2025
00-0037112,SF,TE,2025
00-0037120,IND,RB,2025
00-0037129,CHI,DB,2025
00-0037130,PHI,DB,2025
00-0037132,PHI,WR,2025
00-0037136,NYJ,DB,2025
00-0037137,SEA,DB,2025
00-0037138,IND,OL,2025
00-0037141,ARI,DB,2025
00-0037153,ARI,LB,2025
00-0037155,NYJ,DB,2025
00-0037156,NYJ,WR,2025
00-0037157,ARI,RB,2025
00-0037167,NE,OL,2025
00-0037179,PIT,LB,2025
00-0037184,MIN,LB,2025
00-0037190,IND,DB,2025
00-0037191,KC,DB,2025
00-0037192,KC,DL,2025
00-0037193,KC,DB,2025
00-0037194,GB,OL,2025
00-0037195,KC,DB,2025
00-0037196,GB,OL,2025
00-0037197,KC,RB,2025
00-0037198,KC,DB,2025
00-0037203,CAR,DL,2025
00-0037205,NE,DB,2025
00-0037207,KC,OL,2025
00-0037208,KC,LB,2025
00-0037224,LAC,K,2025
00-0037225,CHI,OL,2025
00-0037228,PIT,RB,2025
00-0037229,CAR,OL,2025
00-0037231,NO,WR,2025
00-0037235,JAX,DL,2025
00-0037236,DET,DL,2025
00-0037237,HOU,DB,2025
00-0037238,ATL,WR,2025
00-0037239,NO,WR,2025
00-0037240,DET,WR,2025
00-0037241,LAC,OL,2025
00-0037242,TEN,DB,2025
00-0037243,DAL,OL,2025
00-0037244,JAX,LB,2025
00-0037245,PHI,DB,2025
00-0037246,HOU,DB,2025
00-0037247,DAL,WR,2025
00-0037248,BUF,RB,2025
00-0037249,DEN,LB,2025
00-0037250,CLE,DB,2025
00-0037251,CLE,DL,2025
00-0037252,MIA,TE,2025
00-0037253,NE,DB,2025
00-0037254,BUF,LB,2025
00-0037255,LV,OL,2025
00-0037256,TB,RB,2025
00-0037257,CLE,WR,2025
00-0037258,KC,RB,2025
00-0037259,NYG,LB,2025
00-0037260,NYG,DL,2025
00-0037261,BUF,WR,2025
00-0037262,LV,DL,2025
00-0037263,ATL,RB,2025
00-0037264,DEN,DB,2025
00-0037266,KC,OL,2025
00-0037267,CLE,RB,2025
00-0037268,TB,DB,2025
00-0037269,IND,DL,2025
00-0037270,LAC,DL,2025
00-0037271,CHI,LB,2025
00-0037272,NYG,WR,2025
00-0037274,PIT,DL,2025
00-0037275,DAL,DB,2025
00-0037276,MIN,RB,2025
00-0037277,ATL,TE,2025
00-0037278,DEN,OL,2025
00-0037280,MIA,DL,2025
00-0037281,HOU,LB,2025
00-0037282,CAR,TE,2025
00-0037283,NO,DL,2025
00-0037284,KC,P,2025
00-0037286,JAX,RB,2025
00-0037287,NE,OL,2025
00-0037288,BUF,DB,2025
00-0037289,DET,LB,2025
00-0037291,MIN,WR,2025
00-0037292,IND,TE,2025
00-0037294,DEN,DL,2025
00-0037295,LAC,OL,2025
00-0037296,DEN,DB,2025
00-0037297,CAR,OL,2025
00-0037298,ATL,DL,2025
00-0037299,KC,RB,2025
00-0037300,GB,WR,2025
00-0037301,MIN,DB,2025
00-0037302,LAC,OL,2025
00-0037303,DEN,DL,2025
00-0037304,PIT,TE,2025
00-0037305,IND,OL,2025
00-0037306,GB,TE,2025
00-0037307,NYJ,DB,2025
00-0037308,GB,OL,2025
00-0037310,DAL,DL,2025
00-0037311,TB,TE,2025
00-0037312,PHI,LB,2025
00-0037313,JAX,DB,2025
00-0037314,CIN,LB,2025
00-0037315,MIA,LB,2025
00-0037316,CLE,LB,2025
00-0037317,NYJ,TE,2025
00-0037318,BUF,LB,2025
00-0037320,LAC,DB,2025
00-0037321,SF,DB,2025
00-0037322,NE,OL,2025
00-0037323,IND,DB,2025
00-0037324,KC,QB,2025
00-0037327,PIT,QB,2025
00-0037329,CHI,RB,2025
00-0037330,LA,LB,2025
00-0037332,CAR,DB,2025
00-0037336,DAL,OL,2025
00-0037337,LA,DB,2025
00-0037340,NO,TE,2025
00-0037346,KC,DL,2025
00-0037348,NYG,TE,2025
00-0037353,MIA,DB,2025
00-0037355,WAS,WR,2025
00-0037356,ATL,DL,2025
00-0037364,GB,DL,2025
00-0037375,LAC,DL,2025
00-0037380,CLE,WR,2025
00-0037381,NE,OL,2025
00-0037382,DEN,WR,2025
00-0037383,PIT,LB,2025
00-0037384,DEN,DB,2025
00-0037385,DET,OL,2025
00-0037387,ARI,WR,2025
00-0037395,CHI,DB,2025
00-0037396,CLE,OL,2025
00-0037404,BUF,OL,2025
00-0037410,NE,RB,2025
00-0037412,PIT,LS,2025
00-0037413,NE,OL,2025
00-0037414,DET,OL,2025
00-0037415,DET,DB,2025
00-0037422,CIN,WR,2025
00-0037428,BUF,OL,2025
00-0037429,NYJ,RB,2025
00-0037431,NYJ,DL,2025
00-0037440,MIA,OL,2025
00-0037447,NYG,LB,2025
00-0037455,NO,TE,2025
00-0037457,HOU,LB,2025
00-0037459,HOU,DL,2025
00-0037461,LV,DB,2025
00-0037468,NYG,DB,2025
00-0037475,NYJ,TE,2025
00-0037480,PIT,OL,2025
00-0037484,PIT,DB,2025
00-0037487,ATL,WR,2025
00-0037491,ARI,LB,2025
00-0037493,TEN,DB,2025
00-0037500,MIN,P,2025
00-0037506,NE,TE,2025
00-0037509,MIN,RB,2025
00-0037512,LV,DB,2025
00-0037516,CLE,DB,2025
00-0037524,WAS,WR,2025
00-0037525,MIN,RB,2025
00-0037526,NYJ,LB,2025
00-0037527,IND,LB,2025
00-0037531,ARI,OL,2025
00-0037539,DEN,TE,2025
00-0037542,ATL,K,2025
00-0037544,CHI,LB,2025
00-0037545,SEA,WR,2025
00-0037547,GB,P,2025
00-0037549,TEN,DB,2025
00-0037557,LA,RB,2025
00-0037561,DAL,DB,2025
00-0037563,DAL,RB,2025
00-0037570,TB,WR,2025
00-0037572,NE,OL,2025
00-0037578,DAL,DB,2025
00-0037585,TEN,DL,2025
00-0037587,LA,LB,2025
00-0037591,LV,OL,2025
00-0037593,CLE,DB,2025
00-0037594,TEN,RB,2025
00-0037596,NE,LB,2025
00-0037600,MIA,OL,2025
00-0037601,NYJ,OL,2025
00-0037602,SF,DL,2025
00-0037603,NO,DL,2025
00-0037605,NE,OL,2025
00-0037608,CAR,DB,2025
00-0037609,MIA,RB,2025
00-0037611,NYG,LB,2025
00-0037612,NYG,OL,2025
00-0037613,BAL,OL,2025
00-0037614,NYJ,WR,2025
00-0037615,PHI,LB,2025
00-0037616,IND,DB,2025
00-0037617,LAC,RB,2025
00-0037618,IND,OL,2025
00-0037620,ATL,OL,2025
00-0037627,TB,DL,2025
00-0037633,BAL,LB,2025
00-0037638,TB,LB,2025
00-0037639,BAL,LB,2025
00-0037654,LAC,TE,2025
00-0037661,HOU,DB,2025
00-0037662,TB,DL,2025
00-0037663,NYJ,LB,2025
00-0037664,IND,WR,2025
00-0037665,DAL,DL,2025
00-0037666,DAL,WR,2025
00-0037667,DET,DB,2025
00-0037692,DAL,K,2025
00-0037708,CHI,WR,2025
00-0037711,NE,DL,2025
00-0037740,NYJ,WR,2025
00-0037741,PHI,WR,2025
00-0037742,WAS,WR,2025
00-0037743,CIN,DB,2025
00-0037744,ARI,TE,2025
00-0037745,SEA,RB,2025
00-0037746,SF,RB,2025
00-0037747,DAL,DB,2025
00-0037748,NYJ,OL,2025
00-0037752,CIN,DB,2025
00-0037753,CIN,DB,2025
00-0037755,NYJ,TE,2025
00-0037756,BAL,DL,2025
00-0037757,IND,OL,2025
00-0037758,NYG,DB,2025
00-0037759,PIT,LB,2025
00-0037779,CLE,DL,2025
00-0037799,DEN,LB,2025
00-0037801,DAL,WR,2025
00-0037804,ARI,DL,2025
00-0037805,NYJ,TE,2025
00-0037807,NYG,OL,2025
00-0037808,ATL,LB,2025
00-0037809,TEN,TE,2025
00-0037810,ATL,LB,2025
00-0037811,NE,LB,2025
00-0037812,SEA,OL,2025
00-0037813,ARI,LB,2025
00-0037814,NO,OL,2025
00-0037815,CLE,DL,2025
00-0037816,GB,WR,2025
00-0037817,GB,OL,2025
00-0037818,LAC,OL,2025
00-0037819,KC,LB,2025
00-0037821,SEA,OL,2025
00-0037822,CIN,LB,2025
00-0037823,HOU,LB,2025
00-0037825,BAL,OL,2025
00-0037826,WAS,DL,2025
00-0037827,GB,RB,2025
00-0037828,PHI,WR,2025
00-0037829,SF,OL,2025
00-0037830,NYJ,DB,2025
00-0037831,SF,OL,2025
00-0037832,SF,DL,2025
00-0037833,PHI,DB,2025
00-0037834,SF,QB,2025
00-0037835,TB,OL,2025
00-0037837,PIT,WR,2025
00-0037838,BAL,TE,2025
00-0037839,LA,DB,2025
00-0037840,LA,RB,2025
00-0037841,LA,DB,2025
00-0037842,LA,DB,2025
00-0037843,CHI,DL,2025
00-0037844,CIN,DB,2025
00-0037845,LA,OL,2025
00-0037984,TB,DB,2025
00-0038038,BAL,DB,2025
00-0038039,MIA,DB,2025
00-0038040,LV,RB,2025
00-0038041,DAL,TE,2025
00-0038043,KC,DB,2025
00-0038046,BAL,TE,2025
00-0038090,SF,WR,2025
00-0038091,NYJ,DB,2025
00-0038092,JAX,WR,2025
00-0038094,BAL,P,2025
00-0038095,CIN,OL,2025
00-0038096,DET,DL,2025
00-0038097,NO,K,2025
00-0038098,GB,RB,2025
00-0038099,BUF,DL,2025
00-0038100,WAS,DB,2025
00-0038101,CAR,DB,2025
00-0038102,LV,QB,2025
00-0038103,MIA,OL,2025
00-0038104,KC,WR,2025
00-0038105,CAR,DB,2025
00-0038106,DEN,DL,2025
00-0038107,NYJ,DL,2025
00-0038108,CLE,QB,2025
00-0038111,CHI,DB,2025
00-0038112,PHI,OL,2025
00-0038114,NYJ,OL,2025
00-0038115,NYG,TE,2025
00-0038116,ATL,LB,2025
00-0038117,NYG,WR,2025
00-0038118,BAL,OL,2025
00-0038119,TEN,DB,2025
00-0038120,NYJ,RB,2025
00-0038121,NO,DB,2025
00-0038122,GB,QB,2025
00-0038123,NYG,DB,2025
00-0038124,GB,WR,2025
00-0038125,LA,DB,2025
00-0038126,DAL,DL,2025
00-0038127,TB,DL,2025
00-0038128,GB,QB,2025
00-0038129,TB,TE,2025
00-0038130,DAL,DB,2025
00-0038131,HOU,OL,2025
00-0038133,SEA,LB,2025
00-0038134,SEA,RB,2025
00-0038135,CHI,DB,2025
00-0038136,SEA,DB,2025
00-0038142,BAL,LB,2025
00-0038144,DAL,DL,2025
00-0038145,NE,TE,2025
00-0038152,GB,K,2025
00-0038181,MIN,WR,2025
00-0038194,NYJ,OL,2025
00-0038199,LAC,OL,2025
00-0038223,NYJ,OL,2025
00-0038304,NO,OL,2025
00-0038348,DAL,DB,2025
00-0038358,LA,OL,2025
00-0038359,LA,WR,2025
00-0038360,LA,LS,2025
00-0038366,LA,DB,2025
00-0038368,PIT,DB,2025
00-0038381,LV,DB,2025
00-0038382,WAS,OL,2025
00-0038383,BAL,OL,2025
00-0038385,LA,QB,2025
00-0038386,PHI,DL,2025
00-0038387,GB,DL,2025
00-0038388,WAS,DB,2025
00-0038389,DAL,RB,2025
00-0038390,CHI,LB,2025
00-0038391,CIN,QB,2025
00-0038392,IND,DB,2025
00-0038393,GB,WR,2025
00-0038394,IND,TE,2025
00-0038395,CHI,DB,2025
00-0038396,NYG,RB,2025
00-0038397,NO,RB,2025
00-0038398,GB,DL,2025
00-0038399,NYG,LB,2025
00-0038400,PHI,QB,2025
00-0038401,NYG,DB,2025
00-0038403,WAS,DB,2025
00-0038404,PHI,DL,2025
00-0038405,MIN,DL,2025
00-0038406,NYJ,TE,2025
00-0038407,IND,DB,2025
00-0038408,GB,DB,2025
00-0038409,PIT,RB,2025
00-0038411,NYG,DB,2025
00-0038412,PHI,DL,2025
00-0038413,CHI,DB,2025
00-0038414,LAC,DB,2025
00-0038416,CHI,QB,2025
00-0038426,NE,OL,2025
00-0038428,CLE,K,2025
00-0038429,CIN,LB,2025
00-0038440,MIN,RB,2025
00-0038448,BAL,LB,2025
00-0038454,BAL,RB,2025
00-0038456,ARI,TE,2025
00-0038458,TB,RB,2025
00-0038463,GB,DL,2025
00-0038465,ATL,WR,2025
00-0038471,MIA,OL,2025
00-0038475,CHI,DB,2025
00-0038476,NE,QB,2025
00-0038477,NYG,WR,2025
00-0038479,NYG,LB,2025
00-0038482,CHI,DB,2025
00-0038487,PHI,DB,2025
00-0038488,SEA,RB,2025
00-0038489,PHI,RB,2025
00-0038491,GB,LB,2025
00-0038492,KC,WR,2025
00-0038493,CAR,LB,2025
00-0038496,NYG,WR,2025
00-0038498,PHI,TE,2025
00-0038502,CAR,WR,2025
00-0038504,BAL,LB,2025
00-0038505,BAL,LB,2025
00-0038506,GB,DL,2025
00-0038507,BUF,WR,2025
00-0038509,JAX,OL,2025
00-0038513,NYJ,LB,2025
00-0038514,TEN,LB,2025
00-0038518,NE,RB,2025
00-0038519,KC,WR,2025
00-0038521,DEN,DB,2025
00-0038523,MIN,DB,2025
00-0038535,WAS,LB,2025
00-0038536,CAR,OL,2025
00-0038540,ARI,OL,2025
00-0038541,LV,DL,2025
00-0038542,ATL,RB,2025
00-0038543,SEA,WR,2025
00-0038544,LAC,WR,2025
00-0038545,NYJ,DL,2025
00-0038546,CIN,DL,2025
00-0038547,DAL,TE,2025
00-0038548,BUF,OL,2025
00-0038549,CIN,DB,2025
00-0038550,NYJ,QB,2025
00-0038551,NO,RB,2025
00-0038552,DEN,DB,2025
00-0038553,LAC,LB,2025
00-0038554,SF,DB,2025
00-0038555,PHI,RB,2025
00-0038556,DAL,LB,2025
00-0038557,BUF,LB,2025
00-0038558,PIT,TE,2025
00-0038559,ARI,WR,2025
00-0038560,CIN,DB,2025
00-0038562,WAS,K,2025
00-0038563,LV,WR,2025
00-0038564,PHI,TE,2025
00-0038565,IND,DB,2025
00-0038566,NO,OL,2025
00-0038567,ARI,K,2025
00-0038568,ATL,DB,2025
00-0038569,HOU,OL,2025
00-0038570,JAX,LB,2025
00-0038571,ARI,OL,2025
00-0038573,LAC,WR,2025
00-0038574,CLE,DL,2025
00-0038575,IND,DL,2025
00-0038576,CIN,WR,2025
00-0038577,PIT,LB,2025
00-0038578,MIN,DB,2025
00-0038579,LV,QB,2025
00-0038580,JAX,LB,2025
00-0038581,CLE,DL,2025
00-0038582,GB,QB,2025
00-0038583,PHI,QB,2025
00-0038584,NE,DL,2025
00-0038585,IND,DB,2025
00-0038586,LV,OL,2025
00-0038587,ATL,DB,2025
00-0038588,NO,DB,2025
00-0038589,GB,TE,2025
00-0038590,LV,WR,2025
00-0038591,SEA,DL,2025
00-0038592,DET,OL,2025
00-0038593,SEA,OL,2025
00-0038594,SF,DB,2025
00-0038595,CHI,OL,2025
00-0038596,JAX,DB,2025
00-0038597,CIN,RB,2025
00-0038599,HOU,LB,2025
00-0038600,ARI,LB,2025
00-0038601,NO,OL,2025
00-0038602,NYJ,DB,2025
00-0038603,SF,DL,2025
00-0038604,KC,DB,2025
00-0038605,DEN,DB,2025
00-0038606,JAX,WR,2025
00-0038607,TEN,OL,2025
00-0038608,NE,WR,2025
00-0038609,CLE,OL,2025
00-0038610,NE,P,2025
00-0038611,WAS,RB,2025
00-0038612,DEN,WR,2025
00-0038613,TEN,DB,2025
00-0038614,LAC,RB,2025
00-0038615,HOU,OL,2025
00-0038616,JAX,DB,2025
00-0038617,TEN,LB,2025
00-0038618,HOU,WR,2025
00-0038619,CIN,WR,2025
00-0038620,TEN,DB,2025
00-0038621,NE,WR,2025
00-0038622,DEN,RB,2025
00-0038623,ARI,DL,2025
00-0038624,HOU,DB,2025
00-0038625,SF,LB,2025
00-0038626,LV,P,2025
00-0038628,ATL,DB,2025
00-0038629,ATL,OL,2025
00-0038630,JAX,OL,2025
00-0038632,SF,WR,2025
00-0038633,BUF,OL,2025
00-0038634,LAC,DL,2025
00-0038635,BUF,DL,2025
00-0038636,SEA,RB,2025
00-0038639,PIT,DB,2025
00-0038640,ARI,WR,2025
00-0038641,SF,DB,2025
00-0038642,CIN,DB,2025
00-0038643,SF,TE,2025
00-0038644,HOU,DB,2025
00-0038645,PIT,OL,2025
00-0038646,NE,DB,2025
00-0038647,NO,WR,2025
00-0038648,SF,LB,2025
00-0038649,DEN,OL,2025
00-0038651,CLE,WR,2025
00-0038653,NE,DL,2025
00-0038655,ARI,DB,2025
00-0038658,SF,QB,2025
00-0038660,DET,LB,2025
00-0038661,DET,DL,2025
00-0038663,ARI,DB,2025
00-0038667,NO,WR,2025
00-0038668,CHI,DB,2025
00-0038669,MIA,LB,2025
00-0038670,NYJ,OL,2025
00-0038676,BUF,OL,2025
00-0038678,TEN,RB,2025
00-0038679,BUF,WR,2025
00-0038682,DET,LB,2025
00-0038684,MIA,DB,2025
00-0038685,GB,RB,2025
00-0038693,DEN,DL,2025
00-0038694,SEA,DL,2025
00-0038696,NYJ,DB,2025
00-0038703,TEN,DB,2025
00-0038705,ARI,RB,2025
00-0038708,PIT,DL,2025
00-0038710,CLE,TE,2025
00-0038711,CLE,LB,2025
00-0038715,CLE,DB,2025
00-0038716,CHI,DL,2025
00-0038717,DEN,DB,2025
00-0038719,CLE,LB,2025
00-0038720,MIA,TE,2025
00-0038724,TEN,LB,2025
00-0038726,ATL,WR,2025
00-0038727,MIN,RB,2025
00-0038728,HOU,WR,2025
00-0038729,JAX,OL,2025
00-0038731,DAL,OL,2025
00-0038735,DAL,TE,2025
00-0038737,DAL,DL,2025
00-0038738,DAL,RB,2025
00-0038740,DAL,WR,2025
00-0038741,DAL,TE,2025
00-0038742,DET,DL,2025
00-0038752,SEA,WR,2025
00-0038762,TEN,WR,2025
00-0038764,SEA,LB,2025
00-0038765,SEA,DB,2025
00-0038769,SEA,LS,2025
00-0038771,PHI,DL,2025
00-0038776,JAX,OL,2025
00-0038778,MIN,DL,2025
00-0038781,NO,DB,2025
00-0038782,ARI,LB,2025
00-0038783,DEN,TE,2025
00-0038785,MIN,OL,2025
00-0038788,NYG,DB,2025
00-0038790,IND,DL,2025
00-0038791,CAR,LB,2025
00-0038792,ARI,OL,2025
00-0038794,DEN,RB,2025
00-0038795,ARI,DL,2025
00-0038796,DEN,OL,2025
00-0038797,GB,RB,2025
00-0038801,MIA,LB,2025
00-0038806,SF,WR,2025
00-0038807,MIN,LB,2025
00-0038809,MIN,TE,2025
00-0038810,DEN,WR,2025
00-0038817,TB,LS,2025
00-0038818,TB,OL,2025
00-0038819,CLE,DB,2025
00-0038820,TB,DB,2025
00-0038821,PIT,WR,2025
00-0038823,HOU,DB,2025
00-0038824,NYG,WR,2025
00-0038826,ATL,OL,2025
00-0038828,TB,TE,2025
00-0038830,WAS,RB,2025
00-0038832,MIA,OL,2025
00-0038839,CIN,WR,2025
00-0038840,CAR,WR,2025
00-0038841,DET,DB,2025
00-0038842,SF,DL,2025
00-0038848,CLE,DB,2025
00-0038851,NYG,LB,2025
00-0038852,TEN,OL,2025
00-0038853,NE,LB,2025
00-0038862,ATL,RB,2025
00-0038865,SF,LB,2025
00-0038866,SEA,DB,2025
00-0038873,NYJ,WR,2025
00-0038877,PIT,DB,2025
00-0038890,CIN,LB,2025
00-0038891,LV,WR,2025
00-0038892,CIN,OL,2025
00-0038896,DET,RB,2025
00-0038905,IND,K,2025
00-0038908,TEN,LB,2025
00-0038911,DET,WR,2025
00-0038913,GB,TE,2025
00-0038914,LV,OL,2025
00-0038916,KC,DB,2025
00-0038922,SEA,LB,2025
00-0038923,LV,OL,2025
00-0038930,ATL,RB,2025
00-0038932,CHI,OL,2025
00-0038933,BUF,TE,2025
00-0038934,JAX,OL,2025
00-0038935,JAX,TE,2025
00-0038936,HOU,OL,2025
00-0038937,KC,DL,2025
00-0038938,NYG,WR,2025
00-0038939,LV,DL,2025
00-0038940,DET,DL,2025
00-0038941,LA,WR,2025
00-0038946,PIT,DB,2025
00-0038951,TB,RB,2025
00-0038953,ATL,WR,2025
00-0038956,ARI,DB,2025
00-0038958,TB,LB,2025
00-0038966,ATL,DB,2025
00-0038976,DEN,WR,2025
00-0038977,HOU,WR,2025
00-0038978,PHI,DL,2025
00-0038979,CLE,WR,2025
00-0038980,ATL,DL,2025
00-0038981,KC,OL,2025
00-0038982,KC,DB,2025
00-0038983,KC,DL,2025
00-0038984,ARI,DB,2025
00-0038985,LV,DL,2025
00-0038986,NYG,DB,2025
00-0038994,MIN,WR,2025
00-0038995,NO,DL,2025
00-0038996,GB,TE,2025
00-0038997,IND,WR,2025
00-0038998,NO,QB,2025
00-0039000,NYG,DB,2025
00-0039001,PHI,OL,2025
00-0039002,PHI,DB,2025
00-0039003,DEN,LB,2025
00-0039004,ATL,OL,2025
00-0039005,HOU,OL,2025
00-0039006,KC,DL,2025
00-0039007,ARI,DB,2025
00-0039008,CHI,OL,2025
00-0039009,HOU,DL,2025
00-0039010,MIA,OL,2025
00-0039013,PHI,LB,2025
00-0039014,CLE,OL,2025
00-0039018,DET,LB,2025
00-0039019,NYG,OL,2025
00-0039020,SEA,OL,2025
00-0039021,CHI,RB,2025
00-0039023,TEN,TE,2025
00-0039028,LAC,DB,2025
00-0039030,HOU,OL,2025
00-0039031,IND,DL,2025
00-0039032,TEN,RB,2025
00-0039034,TEN,OL,2025
00-0039040,MIA,RB,2025
00-0039041,ARI,TE,2025
00-0039042,ATL,OL,2025
00-0039047,SEA,LB,2025
00-0039048,ATL,OL,2025
00-0039049,TB,LB,2025
00-0039050,TB,TE,2025
00-0039051,TB,DB,2025
00-0039052,NO,WR,2025
00-0039053,TB,LB,2025
00-0039054,NE,LB,2025
00-0039058,LA,OL,2025
00-0039059,LA,P,2025
00-0039061,LA,DL,2025
00-0039062,DAL,WR,2025
00-0039063,TB,DL,2025
00-0039064,BAL,WR,2025
00-0039065,DET,TE,2025
00-0039066,LV,TE,2025
00-0039067,KC,WR,2025
00-0039068,TB,LB,2025
00-0039070,CHI,DL,2025
00-0039071,CHI,DB,2025
00-0039072,PHI,DB,2025
00-0039074,LA,TE,2025
00-0039075,LA,WR,2025
00-0039076,LA,LB,2025
00-0039077,LA,OL,2025
00-0039107,LA,QB,2025
00-0039108,HOU,DL,2025
00-0039109,PIT,OL,2025
00-0039110,PIT,DL,2025
00-0039111,LAC,LB,2025
00-0039112,GB,DL,2025
00-0039133,MIA,DB,2025
00-0039134,SF,DB,2025
00-0039135,NYJ,LB,2025
00-0039137,LA,LB,2025
00-0039138,LA,DL,2025
00-0039139,DET,RB,2025
00-0039140,PHI,DB,2025
00-0039141,DET,DB,2025
00-0039142,NYJ,DL,2025
00-0039143,CIN,DL,2025
00-0039144,GB,TE,2025
00-0039145,NYJ,OL,2025
00-0039146,GB,WR,2025
00-0039147,NE,DB,2025
00-0039148,SF,DL,2025
00-0039149,WAS,DB,2025
00-0039150,CAR,QB,2025
00-0039151,LA,DB,2025
00-0039152,TEN,QB,2025
00-0039155,ARI,LB,2025
00-0039156,MIA,DB,2025
00-0039157,TB,OL,2025
00-0039158,IND,OL,2025
00-0039159,DET,TE,2025
00-0039163,HOU,QB,2025
00-0039164,IND,QB,2025
00-0039165,SEA,RB,2025
00-0039167,PIT,DB,2025
00-0039169,SEA,DB,2025
00-0039172,DET,K,2025
00-0039174,KC,OL,2025
00-0039176,BAL,DL,2025
00-0039177,TEN,DL,2025
00-0039178,IND,LB,2025
00-0039207,IND,DL,2025
00-0039224,CLE,LB,2025
00-0039229,NO,K,2025
00-0039230,NYG,RB,2025
00-0039231,DEN,TE,2025
00-0039232,BAL,DB,2025
00-0039233,BAL,OL,2025
00-0039234,BAL,DB,2025
00-0039235,TEN,DB,2025
00-0039236,PHI,WR,2025
00-0039237,CAR,OL,2025
00-0039239,ARI,DB,2025
00-0039241,NYG,DB,2025
00-0039242,BAL,OL,2025
00-0039244,LV,RB,2025
00-0039245,NYJ,DB,2025
00-0039246,CLE,OL,2025
00-0039251,PIT,OL,2025
00-0039259,BAL,WR,2025
00-0039262,LV,OL,2025
00-0039263,GB,TE,2025
00-0039265,PHI,DL,2025
00-0039266,CIN,RB,2025
00-0039267,PHI,DB,2025
00-0039268,LAC,LS,2025
00-0039269,GB,DL,2025
00-0039271,BUF,RB,2025
00-0039272,GB,OL,2025
00-0039275,GB,TE,2025
00-0039277,MIA,LB,2025
00-0039284,NYJ,DL,2025
00-0039285,NYJ,DB,2025
00-0039288,NYJ,LB,2025
00-0039289,NE,DL,2025
00-0039291,NYJ,DL,2025
00-0039292,GB,DB,2025
00-0039294,BUF,DL,2025
00-0039297,TB,OL,2025
00-0039299,SEA,RB,2025
00-0039305,NE,RB,2025
00-0039306,CLE,DB,2025
00-0039309,SEA,DL,2025
00-0039310,DAL,OL,2025
00-0039311,CAR,RB,2025
00-0039312,NE,DB,2025
00-0039313,NYG,LB,2025
00-0039316,BAL,TE,2025
00-0039317,KC,OL,2025
00-0039318,TEN,LB,2025
00-0039319,NE,DL,2025
00-0039322,DET,DB,2025
00-0039323,CIN,P,2025
00-0039324,KC,DB,2025
00-0039325,KC,RB,2025
00-0039329,GB,WR,2025
00-0039331,ATL,QB,2025
00-0039332,TEN,DL,2025
00-0039333,BUF,DB,2025
00-0039337,NYG,WR,2025
00-0039338,LV,TE,2025
00-0039339,NO,OL,2025
00-0039340,IND,DL,2025
00-0039341,DAL,OL,2025
00-0039342,CAR,WR,2025
00-0039343,HOU,DB,2025
00-0039344,CAR,RB,2025
00-0039345,SF,DB,2025
00-0039346,LAC,LB,2025
00-0039347,CAR,LB,2025
00-0039348,DAL,OL,2025
00-0039349,LV,OL,2025
00-0039350,CLE,OL,2025
00-0039351,SF,OL,2025
00-0039352,DAL,LB,2025
00-0039353,JAX,DB,2025
00-0039354,CIN,DL,2025
00-0039355,WAS,WR,2025
00-0039356,CAR,TE,2025
00-0039357,LV,DB,2025
00-0039358,PIT,OL,2025
00-0039359,HOU,TE,2025
00-0039360,SF,DB,2025
00-0039361,TB,RB,2025
00-0039362,DET,OL,2025
00-0039363,SF,RB,2025
00-0039364,DET,RB,2025
00-0039365,SF,WR,2025
00-0039366,LAC,DB,2025
00-0039367,HOU,LB,2025
00-0039368,WAS,LB,2025
00-0039369,LAC,DB,2025
00-0039370,ATL,LB,2025
00-0039371,DEN,DB,2025
00-0039372,NYJ,DB,2025
00-0039373,NO,RB,2025
00-0039374,LV,LB,2025
00-0039375,CIN,DB,2025
00-0039376,NO,QB,2025
00-0039377,IND,LB,2025
00-0039378,JAX,DB,2025
00-0039379,CLE,WR,2025
00-0039380,CAR,DB,2025
00-0039381,CHI,DB,2025
00-0039382,ARI,OL,2025
00-0039383,GB,DB,2025
00-0039384,NYG,RB,2025
00-0039385,NYJ,RB,2025
00-0039386,NO,WR,2025
00-0039387,DAL,DB,2025
00-0039388,NO,LB,2025
00-0039389,PIT,DL,2025
00-0039390,NE,DB,2025
00-0039391,LAC,RB,2025
00-0039392,NO,WR,2025
00-0039393,TB,RB,2025
00-0039394,ATL,WR,2025
00-0039395,HOU,LB,2025
00-0039396,DET,DL,2025
00-0039397,ARI,WR,2025
00-0039398,DAL,QB,2025
00-0039399,LAC,TE,2025
00-0039400,BUF,DL,2025
00-0039401,NO,DL,2025
00-0039402,CAR,DL,2025
00-0039403,DEN,DB,2025
00-0039404,MIN,K,2025
00-0039405,HOU,RB,2025
00-0039406,CLE,LB,2025
00-0039407,LV,RB,2025
00-0039408,DET,OL,2025
00-0039409,JAX,K,2025
00-0039410,DAL,WR,2025
00-0039411,TB,OL,2025
00-0039412,WAS,DL,2025
00-0039413,LV,DB,2025
00-0039414,CIN,DB,2025
00-0039415,LV,WR,2025
00-0039416,ARI,DB,2025
00-0039417,CLE,DB,2025
00-0039418,BUF,DB,2025
00-0039419,MIN,OL,2025
00-0039420,PIT,TE,2025
00-0039421,MIN,DL,2025
00-0039422,DAL,OL,2025
00-0039423,LV,DL,2025
00-0039424,NO,WR,2025
00-0039425,CIN,DL,2025
00-0039426,CIN,OL,2025
00-0039427,HOU,DL,2025
00-0039428,NO,OL,2025
00-0039429,LV,LB,2025
00-0039430,TEN,LB,2025
00-0039431,NYJ,DL,2025
00-0039432,PHI,DL,2025
00-0039433,KC,DL,2025
00-0039434,IND,OL,2025
00-0039435,SF,LB,2025
00-0039436,TEN,LB,2025
00-0039437,BAL,WR,2025
00-0039438,DEN,OL,2025
00-0039442,CLE,OL,2025
00-0039444,DET,LB,2025
00-0039445,DET,LS,2025
00-0039446,NYG,OL,2025
00-0039447,TEN,LB,2025
00-0039448,DET,DB,2025
00-0039450,DET,DL,2025
00-0039451,NYJ,WR,2025
00-0039453,DET,DB,2025
00-0039454,NO,DB,2025
00-0039456,PIT,WR,2025
00-0039457,CAR,LB,2025
00-0039458,CLE,TE,2025
00-0039459,CHI,OL,2025
00-0039460,BAL,LB,2025
00-0039461,CHI,DL,2025
00-0039463,GB,DL,2025
00-0039464,CHI,QB,2025
00-0039465,DAL,DB,2025
00-0039466,NO,RB,2025
00-0039468,DET,OL,2025
00-0039469,BUF,DB,2025
00-0039471,BUF,RB,2025
00-0039472,BUF,OL,2025
00-0039473,CIN,WR,2025
00-0039475,JAX,DB,2025
00-0039480,MIA,DB,2025
00-0039481,MIA,DB,2025
00-0039483,MIA,DB,2025
00-0039485,MIA,OL,2025
00-0039486,MIA,LB,2025
00-0039488,GB,DB,2025
00-0039489,SF,TE,2025
00-0039490,CAR,DL,2025
00-0039491,CAR,WR,2025
00-0039497,MIA,DL,2025
00-0039498,LA,K,2025
00-0039501,CAR,QB,2025
00-0039502,CIN,OL,2025
00-0039505,NE,WR,2025
00-0039506,LA,DB,2025
00-0039507,DAL,OL,2025
00-0039508,NYG,OL,2025
00-0039509,LV,DL,2025
00-0039510,NYG,DL,2025
00-0039512,CLE,OL,2025
00-0039513,CLE,DB,2025
00-0039515,CLE,LB,2025
00-0039517,CLE,OL,2025
00-0039518,NO,TE,2025
00-0039521,ARI,WR,2025
00-0039526,LAC,LB,2025
00-0039530,DAL,TE,2025
00-0039532,DAL,DB,2025
00-0039534,JAX,QB,2025
00-0039535,CIN,OL,2025
00-0039539,NE,LB,2025
00-0039544,LV,OL,2025
00-0039550,JAX,TE,2025
00-0039552,JAX,WR,2025
00-0039555,PIT,OL,2025
00-0039562,BUF,WR,2025
00-0039564,SF,DL,2025
00-0039565,DEN,LB,2025
00-0039566,GB,DB,2025
00-0039568,DEN,OL,2025
00-0039570,DEN,DL,2025
00-0039573,TEN,RB,2025
00-0039575,IND,QB,2025
00-0039576,IND,K,2025
00-0039577,ARI,QB,2025
00-0039578,IND,OL,2025
00-0039580,CIN,LB,2025
00-0039582,TB,DB,2025
00-0039586,MIN,DB,2025
00-0039587,TB,LB,2025
00-0039589,TB,WR,2025
00-0039596,TB,DB,2025
00-0039599,PIT,TE,2025
00-0039601,CAR,DB,2025
00-0039603,HOU,RB,2025
00-0039609,PIT,DL,2025
00-0039610,CHI,DB,2025
00-0039612,ARI,OL,2025
00-0039620,NYG,DB,2025
00-0039622,NO,LB,2025
00-0039623,NO,WR,2025
00-0039624,CHI,OL,2025
00-0039626,CIN,WR,2025
00-0039631,CIN,TE,2025
00-0039632,CIN,DB,2025
00-0039634,NYJ,P,2025
00-0039637,CAR,LB,2025
00-0039638,CIN,DB,2025
00-0039644,NE,DL,2025
00-0039646,TEN,DB,2025
00-0039648,TEN,TE,2025
00-0039650,TEN,WR,2025
00-0039652,DET,RB,2025
00-0039654,DET,TE,2025
00-0039655,GB,OL,2025
00-0039660,DET,DB,2025
00-0039664,LAC,WR,2025
00-0039669,TB,OL,2025
00-0039670,LAC,LB,2025
00-0039675,CLE,OL,2025
00-0039676,LV,DB,2025
00-0039677,WAS,QB,2025
00-0039679,IND,DB,2025
00-0039681,WAS,DB,2025
00-0039682,WAS,DL,2025
00-0039684,TB,RB,2025
00-0039685,ATL,DB,2025
00-0039686,WAS,TE,2025
00-0039692,NE,DB,2025
00-0039694,PIT,DB,2025
00-0039696,SF,DL,2025
00-0039697,NYJ,DB,2025
00-0039699,SF,QB,2025
00-0039700,SF,OL,2025
00-0039701,SF,WR,2025
00-0039702,NO,TE,2025
00-0039703,DEN,RB,2025
00-0039704,ATL,OL,2025
00-0039705,NYG,LB,2025
00-0039707,PHI,LB,2025
00-0039710,MIN,WR,2025
00-0039714,MIN,DB,2025
00-0039715,MIN,LB,2025
00-0039716,PIT,OL,2025
00-0039718,MIN,LB,2025
00-0039720,MIN,DL,2025
00-0039722,LAC,WR,2025
00-0039725,NO,DB,2025
00-0039731,TEN,OL,2025
00-0039732,DEN,QB,2025
00-0039733,ATL,DL,2025
00-0039734,LA,DL,2025
00-0039735,LV,OL,2025
00-0039736,IND,OL,2025
00-0039737,ARI,TE,2025
00-0039738,LA,RB,2025
00-0039739,PIT,WR,2025
00-0039740,PHI,LB,2025
00-0039741,PIT,LB,2025
00-0039742,CIN,OL,2025
00-0039743,CIN,DL,2025
00-0039744,IND,OL,2025
00-0039745,CHI,P,2025
00-0039746,PHI,RB,2025
00-0039747,CAR,WR,2025
00-0039749,LA,DL,2025
00-0039750,ARI,K,2025
00-0039751,LA,WR,2025
00-0039752,CIN,DL,2025
00-0039753,LA,OL,2025
00-0039754,TB,TE,2025
00-0039755,CLE,OL,2025
00-0039757,NE,RB,2025
00-0039763,BUF,LB,2025
00-0039764,NYG,DL,2025
00-0039767,DEN,DB,2025
00-0039770,NE,DB,2025
00-0039772,LA,DB,2025
00-0039773,LA,WR,2025
00-0039774,LA,LB,2025
00-0039775,LA,LB,2025
00-0039776,LA,DB,2025
00-0039780,LA,DB,2025
00-0039782,NYJ,TE,2025
00-0039783,PIT,DL,2025
00-0039784,LA,OL,2025
00-0039789,NYJ,DB,2025
00-0039790,NYJ,OL,2025
00-0039791,BAL,LB,2025
00-0039792,BAL,WR,2025
00-0039793,SEA,TE,2025
00-0039794,NYJ,RB,2025
00-0039795,SEA,DB,2025
00-0039796,BAL,RB,2025
00-0039797,NYJ,QB,2025
00-0039798,NYJ,RB,2025
00-0039799,NO,OL,2025
00-0039800,NE,DB,2025
00-0039801,BAL,QB,2025
00-0039802,CIN,DB,2025
00-0039805,MIA,DB,2025
00-0039807,ARI,DB,2025
00-0039808,ARI,OL,2025
00-0039809,DEN,LB,2025
00-0039810,CIN,WR,2025
00-0039811,GB,RB,2025
00-0039812,GB,LB,2025
00-0039813,GB,DB,2025
00-0039814,CIN,TE,2025
00-0039815,SEA,LB,2025
00-0039816,IND,WR,2025
00-0039817,GB,OL,2025
00-0039818,GB,DB,2025
00-0039819,GB,OL,2025
00-0039821,NYG,DB,2025
00-0039822,CHI,OL,2025
00-0039823,ARI,DB,2025
00-0039824,KC,TE,2025
00-0039825,KC,DB,2025
00-0039826,PHI,LB,2025
00-0039827,KC,OL,2025
00-0039828,MIN,OL,2025
00-0039829,NYG,LB,2025
00-0039830,LA,OL,2025
00-0039831,GB,DB,2025
00-0039832,HOU,OL,2025
00-0039833,KC,OL,2025
00-0039834,LA,DB,2025
00-0039835,LAC,DL,2025
00-0039836,LV,LB,2025
00-0039837,ATL,LB,2025
00-0039838,HOU,DB,2025
00-0039839,SEA,OL,2025
00-0039840,CHI,DL,2025
00-0039841,PHI,DB,2025
00-0039842,ATL,OL,2025
00-0039843,CHI,TE,2025
00-0039844,KC,OL,2025
00-0039846,TB,DB,2025
00-0039847,NYG,TE,2025
00-0039849,ARI,WR,2025
00-0039850,GB,LB,2025
00-0039851,NE,QB,2025
00-0039852,LA,LB,2025
00-0039853,SF,WR,2025
00-0039854,ARI,DL,2025
00-0039855,TB,WR,2025
00-0039857,HOU,OL,2025
00-0039858,TEN,LB,2025
00-0039859,ATL,DL,2025
00-0039860,NO,DB,2025
00-0039861,NYG,DB,2025
00-0039862,DET,DB,2025
00-0039863,NE,OL,2025
00-0039864,ARI,DB,2025
00-0039867,GB,DB,2025
00-0039868,DEN,WR,2025
00-0039871,PIT,OL,2025
00-0039872,BUF,DB,2025
00-0039873,BUF,DL,2025
00-0039874,MIA,RB,2025
00-0039875,BUF,RB,2025
00-0039876,BUF,OL,2025
00-0039877,TB,LB,2025
00-0039878,CLE,LB,2025
00-0039879,BUF,DL,2025
00-0039880,MIA,WR,2025
00-0039881,NYG,DB,2025
00-0039882,BUF,OL,2025
00-0039883,PIT,DB,2025
00-0039884,MIA,WR,2025
00-0039886,TEN,DL,2025
00-0039887,LV,OL,2025
00-0039888,PHI,DB,2025
00-0039889,JAX,DL,2025
00-0039890,NYJ,WR,2025
00-0039893,JAX,WR,2025
00-0039894,KC,WR,2025
00-0039895,CLE,DL,2025
00-0039896,PIT,OL,2025
00-0039897,LAC,OL,2025
00-0039898,WAS,DB,2025
00-0039899,MIA,OL,2025
00-0039900,DAL,DL,2025
00-0039901,BUF,WR,2025
00-0039902,TB,LB,2025
00-0039903,DET,DB,2025
00-0039904,GB,OL,2025
00-0039905,TB,OL,2025
00-0039906,WAS,DL,2025
00-0039907,NO,WR,2025
00-0039908,CIN,DL,2025
00-0039910,WAS,QB,2025
00-0039911,MIA,LB,2025
00-0039912,WAS,TE,2025
00-0039913,WAS,OL,2025
00-0039915,LAC,WR,2025
00-0039916,SF,WR,2025
00-0039917,ATL,QB,2025
00-0039918,CHI,QB,2025
00-0039919,CHI,WR,2025
00-0039920,CLE,WR,2025
00-0039921,ARI,RB,2025
00-0039923,MIN,QB,2025
00-0039924,MIN,LB,2025
00-0039925,CIN,OL,2025
00-0039926,SEA,OL,2025
00-0039930,BUF,OL,2025
00-0039931,PIT,LB,2025
00-0039932,PHI,OL,2025
00-0039933,IND,OL,2025
00-0039934,NYG,K,2025
00-0039935,ARI,DL,2025
00-0039936,LAC,TE,2025
00-0039938,BAL,DL,2025
00-0039941,KC,TE,2025
00-0039944,SEA,LB,2025
00-0039946,ARI,DL,2025
00-0039956,ARI,LB,2025
00-0039957,IND,WR,2025
00-0039958,IND,OL,2025
00-0040003,ATL,K,2025
00-0040004,WAS,DL,2025
00-0040007,DAL,OL,2025
00-0040008,DAL,DB,2025
00-0040009,GB,WR,2025
00-0040010,GB,DL,2025
00-0040011,DAL,LB,2025
00-0040012,GB,LB,2025
00-0040013,PHI,LB,2025
00-0040014,PHI,QB,2025
00-0040015,PHI,OL,2025
00-0040016,GB,DL,2025
00-0040017,DAL,OL,2025
00-0040018,CIN,LB,2025
00-0040019,DAL,DL,2025
00-0040020,TEN,DB,2025
00-0040021,DAL,RB,2025
00-0040022,BUF,DL,2025
00-0040023,GB,OL,2025
00-0040024,PHI,WR,2025
00-0040025,PHI,LB,2025
00-0040026,SEA,DB,2025
00-0040027,PHI,DB,2025
00-0040028,CAR,RB,2025
00-0040029,IND,DB,2025
00-0040030,PHI,WR,2025
00-0040031,PHI,OL,2025
00-0040032,PHI,RB,2025
00-0040033,GB,DB,2025
00-0040034,GB,OL,2025
00-0040036,ARI,OL,2025
00-0040037,GB,LB,2025
00-0040038,GB,DB,2025
00-0040039,LAC,RB,2025
00-0040040,GB,OL,2025
00-0040041,GB,DL,2025
00-0040043,DAL,LB,2025
00-0040044,DAL,DB,2025
00-0040045,DAL,DB,2025
00-0040046,ARI,TE,2025
00-0040048,DAL,WR,2025
00-0040049,HOU,WR,2025
00-0040050,DAL,TE,2025
00-0040051,DAL,DB,2025
00-0040052,BUF,DB,2025
00-0040053,SEA,WR,2025
00-0040054,IND,DL,2025
00-0040055,SEA,DL,2025
00-0040056,SEA,LB,2025
00-0040058,SEA,TE,2025
00-0040059,SEA,OL,2025
00-0040060,NE,TE,2025
00-0040061,SEA,LB,2025
00-0040063,SEA,DL,2025
00-0040064,SEA,DL,2025
00-0040065,LAC,DB,2025
00-0040066,MIA,LB,2025
00-0040067,SEA,RB,2025
00-0040068,BAL,OL,2025
00-0040069,BAL,LB,2025
00-0040070,BAL,OL,2025
00-0040071,PHI,DB,2025
00-0040072,KC,LB,2025
00-0040073,BAL,DB,2025
00-0040074,BAL,K,2025
00-0040075,BAL,WR,2025
00-0040076,BAL,DL,2025
00-0040077,BAL,DB,2025
00-0040078,KC,RB,2025
00-0040079,TEN,OL,2025
00-0040080,KC,WR,2025
00-0040081,KC,TE,2025
00-0040082,TB,DB,2025
00-0040083,GB,OL,2025
00-0040084,KC,DB,2025
00-0040086,SEA,WR,2025
00-0040087,KC,LB,2025
00-0040088,NO,DL,2025
00-0040089,KC,DB,2025
00-0040091,KC,DB,2025
00-0040092,KC,OL,2025
00-0040093,KC,DB,2025
00-0040094,KC,TE,2025
00-0040095,BUF,RB,2025
00-0040096,BAL,WR,2025
00-0040098,BAL,OL,2025
00-0040099,BAL,WR,2025
00-0040100,BAL,LB,2025
00-0040101,NYG,OL,2025
00-0040103,BAL,DB,2025
00-0040104,BAL,DB,2025
00-0040105,TB,DL,2025
00-0040106,IND,DB,2025
00-0040108,BAL,LB,2025
00-0040110,BAL,OL,2025
00-0040112,BAL,DB,2025
00-0040114,NO,P,2025
00-0040115,BUF,DL,2025
00-0040116,KC,OL,2025
00-0040118,KC,LB,2025
00-0040119,KC,DB,2025
00-0040120,KC,WR,2025
00-0040122,LV,RB,2025
00-0040123,NYJ,OL,2025
00-0040124,CAR,WR,2025
00-0040125,NO,OL,2025
00-0040126,CHI,TE,2025
00-0040127,MIA,DL,2025
00-0040128,IND,TE,2025
00-0040129,TB,WR,2025
00-0040130,HOU,WR,2025
00-0040131,NE,WR,2025
00-0040132,BUF,DL,2025
00-0040133,NYJ,DB,2025
00-0040134,DEN,WR,2025
00-0040135,SF,LB,2025
00-0040136,CAR,LB,2025
00-0040137,ARI,LB,2025
00-0040138,HOU,WR,2025
00-0040139,IND,DB,2025
00-0040140,CIN,OL,2025
00-0040141,TEN,DB,2025
00-0040142,PIT,RB,2025
00-0040143,TB,DB,2025
00-0040144,LAC,DL,2025
00-0040145,JAX,DB,2025
00-0040146,JAX,OL,2025
00-0040147,NE,OL,2025
00-0040148,ATL,DB,2025
00-0040149,HOU,DB,2025
00-0040150,LV,OL,2025
00-0040151,LV,OL,2025
00-0040152,SF,DB,2025
00-0040153,DEN,DL,2025
00-0040154,MIN,WR,2025
00-0040155,NO,LB,2025
00-0040156,ATL,DB,2025
00-0040157,CIN,LB,2025
00-0040158,TB,LB,2025
00-0040159,CAR,DB,2025
00-0040160,PIT,LB,2025
00-0040161,LAC,LB,2025
00-0040162,CLE,RB,2025
00-0040163,IND,OL,2025
00-0040164,WAS,WR,2025
00-0040165,NYJ,DB,2025
00-0040166,NO,DB,2025
00-0040167,CHI,LB,2025
00-0040168,DEN,LB,2025
00-0040169,LV,DL,2025
00-0040170,TEN,WR,2025
00-0040171,NE,DL,2025
00-0040172,SF,WR,2025
00-0040173,MIN,DL,2025
00-0040174,CAR,DL,2025
00-0040175,MIA,DL,2025
00-0040176,NE,LB,2025
00-0040177,SF,RB,2025
00-0040178,MIA,DB,2025
00-0040179,IND,RB,2025
00-0040180,CIN,OL,2025
00-0040181,NYG,OL,2025
00-0040182,MIA,DB,2025
00-0040183,TB,DL,2025
00-0040184,LAC,WR,2025
00-0040185,SF,DB,2025
00-0040186,NYJ,LB,2025
00-0040187,CAR,TE,2025
00-0040188,PIT,DL,2025
00-0040189,LAC,TE,2025
00-0040190,TEN,OL,2025
00-0040191,CHI,DB,2025
00-0040192,BUF,DB,2025
00-0040193,DET,OL,2025
00-0040194,BUF,TE,2025
00-0040195,ARI,DB,2025
00-0040196,NYJ,DL,2025
00-0040197,BUF,DB,2025
00-0040198,MIA,RB,2025
00-0040199,LV,DL,2025
00-0040200,NE,K,2025
00-0040201,TEN,DB,2025
00-0040202,NO,RB,2025
00-0040203,PIT,QB,2025
00-0040204,HOU,DB,2025
00-0040205,TEN,RB,2025
00-0040206,IND,QB,2025
00-0040207,IND,DL,2025
00-0040208,CIN,RB,2025
00-0040209,JAX,LB,2025
00-0040210,CHI,OL,2025
00-0040211,HOU,QB,2025
00-0040212,LAC,OL,2025
00-0040213,JAX,DB,2025
00-0040214,NYJ,LB,2025
00-0040215,MIN,TE,2025
00-0040216,WAS,LB,2025
00-0040217,BUF,OL,2025
00-0040218,CAR,WR,2025
00-0040219,ARI,OL,2025
00-0040220,NO,WR,2025
00-0040221,LAC,DB,2025
00-0040222,MIA,QB,2025
00-0040223,DEN,P,2025
00-0040224,ATL,OL,2025
00-0040225,NYG,TE,2025
00-0040226,NE,OL,2025
00-0040227,JAX,OL,2025
00-0040228,LV,LB,2025
00-0040229,HOU,DL,2025
00-0040230,ARI,DB,2025
00-0040231,PIT,LB,2025
00-0040232,PIT,DB,2025
00-0040233,DET,DB,2025
00-0040234,MIA,QB,2025
00-0040235,IND,DB,2025
00-0040236,CHI,RB,2025
00-0040237,TB,WR,2025
00-0040238,JAX,RB,2025
00-0040239,BUF,WR,2025
00-0040240,DEN,TE,2025
00-0040241,DET,WR,2025
00-0040242,WAS,RB,2025
00-0040243,NYG,DB,2025
00-0040244,NO,TE,2025
00-0040245,SF,OL,2025
00-0040246,NE,LS,2025
00-0040247,SF,WR,2025
00-0040248,MIA,DL,2025
00-0040249,NO,LB,2025
00-0040250,HOU,TE,2025
00-0040251,DAL,DB,2025
00-0040252,NE,DB,2025
00-0040253,NYG,TE,2025
00-0040255,CLE,DL,2025
00-0040256,CLE,OL,2025
00-0040257,NYG,DB,2025
00-0040258,CLE,DB,2025
00-0040259,CLE,WR,2025
00-0040260,CLE,RB,2025
00-0040261,CLE,LB,2025
00-0040263,CLE,DB,2025
00-0040264,CLE,OL,2025
00-0040265,CAR,WR,2025
00-0040266,CLE,OL,2025
00-0040269,CHI,LB,2025
00-0040270,HOU,LB,2025
00-0040271,LV,LS,2025
00-0040272,CHI,RB,2025
00-0040273,ATL,DB,2025
00-0040275,CHI,WR,2025
00-0040276,PHI,DL,2025
00-0040277,CHI,WR,2025
00-0040278,CAR,DB,2025
00-0040279,CAR,K,2025
00-0040281,CAR,WR,2025
00-0040282,CAR,DB,2025
00-0040283,CAR,DL,2025
00-0040284,MIA,DB,2025
00-0040285,CAR,WR,2025
00-0040286,CAR,OL,2025
00-0040287,CAR,OL,2025
00-0040288,CAR,RB,2025
00-0040289,CAR,LB,2025
00-0040292,CAR,TE,2025
00-0040293,CAR,DB,2025
00-0040294,CAR,OL,2025
00-0040295,JAX,DB,2025
00-0040296,CAR,DB,2025
00-0040297,MIA,DB,2025
00-0040298,DET,WR,2025
00-0040299,ATL,LB,2025
00-0040301,MIA,TE,2025
00-0040302,MIA,WR,2025
00-0040304,MIA,DL,2025
00-0040306,IND,RB,2025
00-0040307,MIA,OL,2025
00-0040308,MIA,DB,2025
00-0040310,NE,DB,2025
00-0040311,MIA,WR,2025
00-0040312,MIA,OL,2025
00-0040313,KC,LB,2025
00-0040314,WAS,DL,2025
00-0040315,WAS,WR,2025
00-0040317,WAS,WR,2025
00-0040318,WAS,LB,2025
00-0040319,WAS,DB,2025
00-0040320,WAS,OL,2025
00-0040322,WAS,DB,2025
00-0040323,JAX,WR,2025
00-0040324,JAX,WR,2025
00-0040325,JAX,DL,2025
00-0040326,JAX,LB,2025
00-0040327,JAX,TE,2025
00-0040328,KC,LB,2025
00-0040329,JAX,DL,2025
00-0040330,IND,QB,2025
00-0040331,JAX,TE,2025
00-0040332,JAX,RB,2025
00-0040334,JAX,WR,2025
00-0040336,JAX,DB,2025
00-0040337,IND,WR,2025
00-0040338,JAX,DL,2025
00-0040339,JAX,DB,2025
00-0040340,JAX,WR,2025
00-0040341,JAX,DB,2025
00-0040342,JAX,DL,2025
00-0040343,JAX,DB,2025
00-0040344,JAX,OL,2025
00-0040345,IND,DL,2025
00-0040346,IND,LB,2025
00-0040347,IND,DB,2025
00-0040348,PHI,DL,2025
00-0040349,IND,OL,2025
00-0040350,IND,WR,2025
00-0040351,IND,DL,2025
00-0040352,IND,WR,2025
00-0040353,IND,WR,2025
00-0040354,IND,WR,2025
00-0040355,IND,DB,2025
00-0040356,BUF,K,2025
00-0040357,IND,DB,2025
00-0040359,CIN,OL,2025
00-0040361,BUF,WR,2025
00-0040362,BUF,LB,2025
00-0040363,BUF,TE,2025
00-0040364,BUF,DB,2025
00-0040365,BUF,DB,2025
00-0040366,TEN,WR,2025
00-0040367,BUF,OL,2025
00-0040368,CIN,RB,2025
00-0040369,CIN,DL,2025
00-0040370,MIN,OL,2025
00-0040371,NE,DL,2025
00-0040372,CIN,DB,2025
00-0040373,CIN,WR,2025
00-0040374,CIN,OL,2025
00-0040375,CIN,WR,2025
00-0040376,CIN,WR,2025
00-0040378,CIN,QB,2025
00-0040379,CIN,LS,2025
00-0040380,CLE,OL,2025
00-0040381,ARI,TE,2025
00-0040382,ARI,OL,2025
00-0040383,ARI,WR,2025
00-0040384,TB,DL,2025
00-0040387,DET,TE,2025
00-0040388,GB,WR,2025
00-0040389,DET,DB,2025
00-0040390,DET,WR,2025
00-0040391,DET,OL,2025
00-0040392,CLE,TE,2025
00-0040393,DET,RB,2025
00-0040394,CAR,RB,2025
00-0040395,ARI,LB,2025
00-0040396,NYJ,DB,2025
00-0040397,NYJ,DB,2025
00-0040398,NYJ,QB,2025
00-0040400,MIA,RB,2025
00-0040401,NYJ,OL,2025
00-0040402,NYJ,WR,2025
00-0040403,NYJ,DL,2025
00-0040404,NYJ,DL,2025
00-0040405,NYJ,WR,2025
00-0040406,NYJ,WR,2025
00-0040407,NYJ,LB,2025
00-0040408,SEA,LB,2025
00-0040409,HOU,LS,2025
00-0040410,HOU,OL,2025
00-0040411,HOU,DB,2025
00-0040412,HOU,WR,2025
00-0040413,MIA,LB,2025
00-0040414,HOU,DL,2025
00-0040415,TB,QB,2025
00-0040416,TB,LB,2025
00-0040417,TB,OL,2025
00-0040419,TB,WR,2025
00-0040420,TB,DL,2025
00-0040422,PHI,OL,2025
00-0040423,TB,DB,2025
00-0040424,TB,DL,2025
00-0040425,TB,DB,2025
00-0040426,TB,DB,2025
00-0040427,TB,OL,2025
00-0040428,TB,DL,2025
00-0040429,TB,RB,2025
00-0040430,NYG,WR,2025
00-0040431,NYG,WR,2025
00-0040432,NYG,WR,2025
00-0040434,NYG,LB,2025
00-0040435,NYG,DB,2025
00-0040437,NYG,DB,2025
00-0040438,NYG,WR,2025
00-0040439,NYG,OL,2025
00-0040442,ARI,OL,2025
00-0040443,MIN,WR,2025
00-0040445,SEA,WR,2025
00-0040446,DEN,OL,2025
00-0040447,DEN,WR,2025
00-0040448,DEN,DB,2025
00-0040449,DEN,LB,2025
00-0040450,DEN,DB,2025
00-0040451,NO,OL,2025
00-0040452,DEN,DL,2025
00-0040453,TEN,OL,2025
00-0040454,DEN,DL,2025
00-0040455,NE,RB,2025
00-0040456,NYG,WR,2025
00-0040457,NYG,TE,2025
00-0040458,LAC,DL,2025
00-0040459,LAC,DL,2025
00-0040460,LAC,LB,2025
00-0040461,LAC,WR,2025
00-0040462,LAC,OL,2025
00-0040463,LAC,LB,2025
00-0040464,LAC,QB,2025
00-0040465,LAC,OL,2025
00-0040466,CLE,RB,2025
00-0040467,LAC,OL,2025
00-0040468,LAC,DB,2025
00-0040469,LAC,TE,2025
00-0040470,LAC,DB,2025
00-0040471,LAC,DB,2025
00-0040472,LAC,LB,2025
00-0040473,NYG,DB,2025
00-0040474,LAC,DB,2025
00-0040475,DEN,OL,2025
00-0040476,IND,RB,2025
00-0040477,LV,DL,2025
00-0040479,LV,DB,2025
00-0040481,CAR,DB,2025
00-0040483,LV,OL,2025
00-0040484,LV,DB,2025
00-0040485,LV,LB,2025
00-0040486,LV,DL,2025
00-0040487,LV,DL,2025
00-0040488,LV,TE,2025
00-0040489,LV,DB,2025
00-0040491,LV,OL,2025
00-0040492,MIN,LB,2025
00-0040493,HOU,WR,2025
00-0040494,MIN,QB,2025
00-0040495,SEA,OL,2025
00-0040496,MIN,LB,2025
00-0040497,MIN,OL,2025
00-0040498,MIN,WR,2025
00-0040499,DET,DB,2025
00-0040500,MIN,OL,2025
00-0040501,ARI,LB,2025
00-0040502,MIN,WR,2025
00-0040503,TEN,LB,2025
00-0040504,MIN,TE,2025
00-0040505,MIN,DB,2025
00-0040506,MIN,WR,2025
00-0040507,MIN,DB,2025
00-0040508,MIN,DL,2025
00-0040509,MIN,TE,2025
00-0040510,NE,RB,2025
00-0040511,NE,DL,2025
00-0040512,TEN,OL,2025
00-0040513,TEN,DL,2025
00-0040515,TEN,DB,2025
00-0040516,BUF,DB,2025
00-0040517,TEN,DL,2025
00-0040518,CIN,DB,2025
00-0040519,MIA,DB,2025
00-0040520,GB,DL,2025
00-0040521,TEN,DL,2025
00-0040522,TEN,WR,2025
00-0040523,TEN,DB,2025
00-0040526,MIN,RB,2025
00-0040527,PIT,DB,2025
00-0040528,PIT,TE,2025
00-0040530,NYG,K,2025
00-0040533,CAR,OL,2025
00-0040534,CIN,WR,2025
00-0040535,NO,DB,2025
00-0040536,NO,DL,2025
00-0040537,NO,DB,2025
00-0040538,NO,WR,2025
00-0040539,NO,OL,2025
00-0040540,NO,LB,2025
00-0040541,NO,OL,2025
00-0040542,NO,DL,2025
00-0040544,NO,RB,2025
00-0040545,MIA,DL,2025
00-0040546,ATL,DB,2025
00-0040547,ATL,RB,2025
00-0040548,ATL,OL,2025
00-0040549,ATL,LB,2025
00-0040550,CHI,DB,2025
00-0040551,ATL,WR,2025
00-0040552,ATL,TE,2025
00-0040553,ATL,WR,2025
00-0040554,ATL,LB,2025
00-0040555,ATL,OL,2025
00-0040556,ARI,RB,2025
00-0040557,TEN,OL,2025
00-0040558,GB,WR,2025
00-0040559,SF,DB,2025
00-0040560,SF,DL,2025
00-0040563,NE,WR,2025
00-0040564,CLE,OL,2025
00-0040565,NE,DB,2025
00-0040566,NE,TE,2025
00-0040567,NE,RB,2025
00-0040568,NE,RB,2025
00-0040569,NE,QB,2025
00-0040570,NE,WR,2025
00-0040571,WAS,TE,2025
00-0040572,NE,DL,2025
00-0040573,TEN,LB,2025
00-0040574,NE,LB,2025
00-0040575,NE,DB,2025
00-0040577,ATL,LB,2025
00-0040578,ATL,LB,2025
00-0040579,CLE,LB,2025
00-0040580,LA,LB,2025
00-0040581,LV,WR,2025
00-0040582,NYJ,WR,2025
00-0040583,HOU,RB,2025
00-0040584,TEN,TE,2025
00-0040585,LA,DL,2025
00-0040586,DAL,RB,2025
00-0040587,PHI,OL,2025
00-0040588,SEA,LB,2025
00-0040589,SF,QB,2025
00-0040590,LA,WR,2025
00-0040591,GB,QB,2025
00-0040593,NE,OL,2025
00-0040594,CAR,LB,2025
00-0040595,LA,DL,2025
00-0040596,LA,LB,2025
00-0040597,LA,WR,2025
00-0040598,LA,TE,2025
00-0040600,LA,DB,2025
00-0040601,LA,RB,2025
00-0040602,ARI,OL,2025
00-0040603,LA,WR,2025
00-0040604,LV,DL,2025
00-0040605,LV,WR,2025
00-0040606,KC,WR,2025
00-0040607,SEA,LB,2025
00-0040608,CIN,DB,2025
00-0040609,LA,WR,2025
00-0040610,CHI,DB,2025
00-0040611,LA,OL,2025
00-0040612,LA,DB,2025
00-0040613,LA,LB,2025
00-0040614,LA,OL,2025
00-0040615,CLE,WR,2025
00-0040616,GB,WR,2025
00-0040617,CLE,WR,2025
00-0040618,PIT,RB,2025
00-0040619,PIT,OL,2025
00-0040620,NYG,DB,2025
00-0040621,SEA,WR,2025
00-0040622,SEA,LB,2025
00-0040624,MIN,DL,2025
00-0040625,TB,LB,2025
00-0040626,TB,DL,2025
00-0040627,TEN,WR,2025
00-0040628,GB,TE,2025
00-0040629,LAC,WR,2025
00-0040630,SF,LB,2025
00-0040631,PHI,OL,2025
00-0040632,IND,OL,2025
00-0040633,DEN,WR,2025
00-0040634,DEN,LB,2025
00-0040636,BAL,DB,2025
00-0040637,BAL,RB,2025
00-0040639,SEA,OL,2025
00-0040640,KC,DL,2025
00-0040641,LV,DB,2025
00-0040642,NO,DL,2025
00-0040643,NO,DB,2025
00-0040644,CAR,RB,2025
00-0040645,ARI,LB,2025
00-0040646,KC,WR,2025
00-0040647,SEA,DL,2025
00-0040648,SEA,WR,2025
00-0040649,SEA,RB,2025
00-0040650,SEA,OL,2025
00-0040651,GB,RB,2025
00-0040652,SEA,OL,2025
00-0040653,SEA,WR,2025
00-0040654,NO,P,2025
00-0040655,CLE,DL,2025
00-0040656,NO,QB,2025
00-0040657,LA,DL,2025
00-0040658,BAL,DL,2025
00-0040659,SF,DB,2025
00-0040660,SF,DL,2025
00-0040661,MIN,OL,2025
00-0040662,PHI,DL,2025
00-0040663,CLE,TE,2025
00-0040664,MIN,OL,2025
00-0040665,NYJ,DL,2025
00-0040666,LAC,RB,2025
00-0040667,GB,WR,2025
00-0040668,CLE,QB,2025
00-0040669,DET,WR,2025
00-0040670,KC,DB,2025
00-0040671,ARI,WR,2025
00-0040672,DET,DL,2025
00-0040673,SEA,QB,2025
00-0040674,TEN,DB,2025
00-0040676,TEN,QB,2025
00-0040677,NYG,LB,2025
00-0040678,PIT,DL,2025
00-0040681,NE,DB,2025
00-0040684,ATL,DL,2025
00-0040685,CLE,DL,2025
00-0040686,WAS,OL,2025
00-0040687,PHI,OL,2025
00-0040688,BAL,DB,2025
00-0040689,GB,DL,2025
00-0040691,NYG,QB,2025
00-0040692,LA,RB,2025
00-0040694,NYG,DL,2025
00-0040697,CHI,TE,2025
00-0040699,NE,OL,2025
00-0040702,CLE,TE,2025
00-0040703,PHI,WR,2025
00-0040704,CLE,QB,2025
00-0040705,TEN,WR,2025
00-0040706,ARI,DL,2025
00-0040707,LA,DL,2025
00-0040708,PHI,LB,2025
00-0040709,BUF,DB,2025
00-0040710,BUF,DL,2025
00-0040711,SF,DL,2025
00-0040712,MIN,OL,2025
00-0040714,PHI,OL,2025
00-0040715,NYG,RB,2025
00-0040716,NE,DB,2025
00-0040717,KC,OL,2025
00-0040718,JAX,WR,2025
00-0040719,JAX,RB,2025
00-0040720,DEN,DB,2025
00-0040721,SF,DL,2025
00-0040722,BAL,LB,2025
00-0040723,JAX,LB,2025
00-0040724,BUF,DL,2025
00-0040725,DAL,DL,2025
00-0040726,GB,OL,2025
00-0040727,LAC,WR,2025
00-0040728,DET,OL,2025
00-0040729,LV,WR,2025
00-0040730,DEN,RB,2025
00-0040731,WAS,DB,2025
00-0040732,DET,DB,2025
00-0040733,SEA,DB,2025
00-0040734,NE,RB,2025
00-0040735,CHI,WR,2025
00-0040736,NYJ,TE,2025
00-0040737,LA,TE,2025
00-0040738,CIN,LB,2025
00-0040739,SEA,TE,2025
00-0040740,CHI,OL,2025
00-0040741,CHI,DL,2025
00-0040742,MIA,OL,2025
00-0040743,NO,QB,2025
00-0040744,IND,DL,2025
00-0040745,HOU,OL,2025
00-0040746,CAR,LB,2025
00-0040747,TB,DB,2025
00-0040748,KC,DL,2025
00-0040749,PHI,DB,2025
00-0040750,PIT,DB,2025
00-0040751,ARI,DB,2025
00-0040752,TEN,LB,2025
00-0040753,GB,WR,2025
00-0040755,CAR,LB,2025
00-0040756,CIN,DL,2025
00-0040758,NYJ,RB,2025
00-0040760,NO,OL,2025
00-0040761,DET,DL,2025
00-0040762,LV,DL,2025
00-0040763,CAR,DL,2025
00-0040764,SEA,OL,2025
00-0040765,ARI,OL,2025
00-0040766,GB,K,2025
00-0040767,NYJ,OL,2025
00-0040768,MIN,P,2025
00-0040769,TB,WR,2025
00-0040770,HOU,DB,2025
00-0040773,IND,RB,2025
00-0040774,KC,DL,2025
00-0040775,NE,RB,2025
00-0040776,SEA,LB,2025
00-0040777,TB,DB,2025
00-0040778,NO,WR,2025
00-0040779,NE,WR,2025
00-0040780,KC,LB,2025
00-0040781,IND,LB,2025
00-0040782,CLE,WR,2025
00-0040783,IND,LB,2025
00-0040784,CLE,RB,2025
,IND,DB,2025
